,f1,f2,f3,v1,v2,v3,profits
0,0.03869780242779817,0.021943921987602616,0.04292989599556912,0.03359270943070337,0.04802934812533125,0.018545616077083462,425340.1036308669
1,0.0348684014529682,0.004708867394382477,0.0487811175818378,0.02125408837570656,0.04060614805935296,0.025288115737137063,-506247.52267527196
2,0.03805698509951765,0.039303215263847696,0.006405681633777294,0.036828654655786656,0.022985473222679603,0.010774757090635023,-498187.2096370112
3,0.022519296894778357,0.018539901211629062,0.04633824944243009,0.03726019213905054,0.006557758459235497,0.009929183176565404,160267.85341561912
4,0.03219325600403323,0.0411380806635415,0.022170709941366558,0.03134124913921043,0.03736349000960349,0.04473439434339075,346230.9578087065
5,0.011361936089238845,0.027729239350791742,0.0031908628052087665,0.013629324870794586,0.005536212930027718,0.047802332976131456,-1058797.9065845674
6,0.04138155859962911,0.03158321995610324,0.037904387004268694,0.007721154401107122,0.009883349112731976,0.014566472677923287,767466.6946226414
7,0.01772629840649342,0.048534901219745165,0.04465605606610989,0.026469567701314374,0.044141278301703904,0.03802730113649335,792225.3377008544
8,0.03891917485368809,0.00973193539259838,0.02333605018635171,0.03540787769213176,0.008759028392800183,0.01788413157629871,-509067.0356107154
9,0.002190188289361439,0.007714474603377392,0.034152447662122734,0.023920246304333898,0.007371297674279293,0.013671485106333627,-1355541.1389882476
10,0.03723810779539086,0.048375486621710505,0.0162912679069076,0.015416660197642214,0.006363809916451963,0.027511984595412882,67973.51191497874
11,0.018522985301743445,0.023477790563790398,0.009473567954214286,0.03525140982620965,0.0034965815738430607,0.02405615508815749,-687940.3603222049
12,0.006496075266773583,0.02378524631129669,0.011345467452544207,0.03911055976338976,0.03739950644762235,0.040753654810937706,-1064198.543234614
13,0.033490699734125516,0.02185759594361654,0.041633909802891875,0.022412031658530354,0.04102785413199304,0.012037653560713475,300488.50063917105
14,0.03501325510011246,0.015618332069102054,0.041612990069760054,0.018040528070875767,0.008817778820890066,0.023374226971428592,74604.25753950233
15,0.040238217874840096,0.019373918951508723,0.014416405196512206,0.019603001120772165,0.01204635582071561,0.03758903546153908,-411099.3719619346
16,0.03412477519874878,0.006987624180465491,0.009995410123755417,0.01569233860558233,0.013640216507291787,0.006544516542524754,-520666.39409772254
17,0.00036811348755027564,0.03934621887510692,0.03324254282960161,0.021941085090097436,0.015148231441865102,0.01846364206704843,-1265810.1159314704
18,0.035258268931316755,0.039036451551098396,0.022945788776916998,0.011799863131027634,0.03815777449099503,0.04650016736773587,515206.1403765542
19,0.028437059797644687,0.006989849906382873,0.005726503676798673,0.02489659263944438,0.03214992116704163,0.043358613830335305,-671564.8092701606
20,0.03342014808952359,0.02355481030715663,0.028261805324059443,0.04994148186668293,0.03067582423649161,0.04448897332699344,197198.99430363602
21,0.03824994287080128,0.03173591600002954,0.02767897003289979,0.0454304123277821,0.039572574390381116,0.023046569553655513,256122.35134906045
22,0.027960358037270677,0.01519750490313061,0.0015408917283969703,0.004057700021194966,0.0007902777720066923,0.02386003166414623,-747799.0898337385
23,0.02183586946161812,0.01072923364097646,0.02042643218623181,0.024715726676730887,0.020368119393148615,0.02840836756456823,-255756.07051270187
24,0.04267015366340831,0.011696974293267038,0.002915137084453301,0.027608135165221356,0.04183065205163465,0.0054328551631131206,-684330.1699101111
25,0.014069194601099828,0.01467968788833418,0.03309582573634475,0.011258883305277273,0.039650248947981526,0.042391843361182735,-730978.9809877984
26,0.027851607617063918,0.039194910455320676,0.03321567701636938,0.049741210681043396,0.04364560081935421,0.04449495035361656,393367.6134697103
27,0.02031934307200353,0.04070101923330174,0.008348645995385196,0.015717397131495243,0.02008308170046882,0.013404255241027552,-332439.5576581021
28,0.001135603656693024,0.004502393038782088,0.03611796752982251,0.03031496990963578,0.046940267710351924,0.017232044325580887,-1218907.8221548216
29,0.02309386151256937,0.00806358895168009,0.02505223875516818,0.02785008909407251,0.014814981522674254,0.008489998688635375,-439310.33003617823
30,0.007615605135658421,0.034816018753886804,0.022307813778701537,0.009759276490932785,0.0028972672269064973,0.047464676150462876,-773309.1854495477
31,0.019051061304824125,0.015075604457393827,0.031514129655944426,0.020143980425381482,0.04170604460010541,0.034066473634484555,-249572.6495862911
32,0.018090630527669523,0.00438249596580505,0.005900295106025766,0.00959605807055427,0.008773112328954391,0.04059941007552725,-744222.2003038815
33,0.04809488322747573,0.04542903453538036,0.03498535669053748,0.013235585530976868,0.04566425918509879,0.007002770234474532,893252.85561259
34,0.01329349807297598,0.0484588188673862,0.038937545198289736,0.03388543072272348,0.040723693801546695,0.01176281942078225,252781.28603552037
35,0.03584450945794978,0.022468075107189435,0.013612078092257951,0.013810368172828304,0.04822594430696009,0.013229880267307915,-214972.65074149746
36,0.004819548107674965,0.04513011982719209,0.022788814491680555,0.02149785249500239,0.021625779662118306,0.012651737496484178,-899580.2567314091
37,0.010118168239761516,0.015297831207532626,0.0289609784470948,0.038789554321854526,0.03859246716145776,0.018915900711189284,-867946.6315303732
38,0.008838639146961586,0.04283071420461878,0.03792597649176051,0.04175628955403669,0.010653746719950119,0.00021528878338393232,-200181.59196728515
39,0.03597314779754684,0.021604651988755188,0.03136544203512216,0.028558368102787054,0.04970388862261893,0.0019322154913442302,301776.4191565389
40,0.02920489844563678,0.032492330077741,0.004222216056994454,0.01039990368542303,0.02594573212435421,0.04049703682224354,-496207.0779430057
41,0.020790370108530482,0.002080708693094624,0.024699540962225947,0.004452100253752661,0.01976173268794472,0.03735379003149432,-664461.3624548655
42,0.016493060616639268,0.007226209443302345,0.0051701483861275824,0.018577160420318078,0.00944182102378195,0.009774791369829366,-851279.5852179789
43,0.029382228608885605,0.008529648426844305,0.04625600591883986,0.020502439345749714,0.02397085374029456,0.0430907208908007,-279842.7859881559
44,0.02905305698501975,0.017343490226741854,0.02954577457407084,0.03211262092839968,0.03452009772577507,0.04914935857679535,3716.058652706095
45,0.001140193551484875,0.04792796066207227,0.02411517184714501,0.02059217201504869,0.020167720162456416,0.046167348386290614,-1376746.643586933
46,0.039136761362514316,0.004136499996121929,0.024332916541908018,0.012293779350252932,0.03649076231514333,0.03772865691090674,-545293.8601525758
47,0.024535349717726047,0.046891322748749145,0.02858640261880377,0.004889399872272155,0.023411570284679203,0.010028123566077702,723730.8797774112
48,0.02367447005284769,0.01334878315459468,0.01657844986712761,0.009268763640124284,0.02319140552314381,0.01447148537540325,-203603.0663045209
49,0.026033620123576892,0.021945573015252337,0.0010806039940165213,0.039803022381293546,0.04538024456952412,0.04013603026441828,-750808.8742968197
50,0.04131459620971789,0.04480803859198834,0.007012454449930539,0.013301543631083263,0.01370671968443042,0.01273641750587337,-538634.0117068761
51,0.027701807176952472,0.005428787056772178,0.03361200465199059,0.0067519048028118036,0.04718991840518556,0.02010238990785347,-381938.2272377282
52,0.014061689191950416,0.03297113173459509,0.03634973071434413,0.011234473727293687,0.04233355252541218,0.019959765132889523,68845.20776006684
53,0.038432374595882855,0.005387047297794829,0.0458005922568804,0.001755840555483329,0.00809707851248156,0.0319625170178085,-322204.9479562933
54,0.01151069954474404,0.001870627808808989,0.02774262346957417,0.0391452637085862,0.010546719424435648,0.045869779463307114,-755355.0347721614
55,0.018546114193121938,0.04148948715662066,0.040412573603215096,0.04254985600260822,0.04241903770305405,0.011383057339960707,616044.7142571739
56,0.015856944641135767,0.047644969753487254,0.014545891907005932,0.0025267994325028856,0.043371176974129184,0.01529001143692837,-389246.01734254335
57,0.02575285646158573,0.012798254528380138,0.046802178502448166,0.030945819058676296,0.0379983441850365,0.006414662925556008,-17595.179594996098
58,0.008230390879100907,0.0022455309696164496,0.021754853000151897,0.0390419177259524,0.046925572948053294,0.03641874828732045,-1020117.5419920192
59,0.049618778202791855,0.0445838633127457,0.037430400972847465,0.022061137424027905,0.04383390693758515,0.02637288150362795,821736.7197813019
60,0.044539624543926244,0.04467233198489316,0.025942918019322456,0.03723854639083771,0.04102529719293021,0.0374676430849503,546900.2153681853
61,0.01579645259153965,0.038600621605549404,0.033083063158388056,0.014392743802407699,0.005892195045291555,0.011916926468103007,-111925.76118884905
62,0.018682886443685504,0.0047233334030757634,0.0373394805674513,0.025143746849017663,0.025263846114654792,0.02913221746572688,-629860.8675664112
63,0.013123025796143235,0.046840657526688964,0.012048528750284239,0.019755091877394545,0.03934456907250139,0.04565768751736039,-741193.8327149381
64,0.0061378966205743015,0.04155563360624531,0.007664215831224702,0.012336252673973563,0.036826160885094404,0.033898592627252234,-1252006.7608609868
65,0.008963415407886954,0.029969139576042178,0.043728102041873225,0.02615452496396575,0.009426511693708013,0.03976161292913548,-352095.7504050481
66,0.009821733285728662,0.01551618364500474,0.03887024191205888,0.04803131428144164,0.03609181661168067,0.0458929998312867,-764727.563768815
67,0.04859132130304837,0.025037059310117116,0.007194875127562539,0.04920926324739999,0.01760253371196191,0.031911177646316846,-488104.76339589094
68,0.0006968143854100773,0.011482801499942763,0.006591110889326052,0.0236966368819039,0.049331437343161505,0.004690391200386246,-1513692.004895224
69,0.03388293368064287,0.0060916252314265566,0.02531649658103165,0.020618745714861234,0.04377695222636181,0.014202565526325773,-455038.8331615001
70,0.03471312178214433,0.02905583046104512,0.009988782583002882,0.03938964253194364,0.019139158139012787,0.04899892699450792,-314292.4292756748
71,0.040206226309113136,0.035770356480790085,0.03694920019577709,0.04417649182118538,0.015066017883130767,0.03850965567689276,806080.9923934266
72,0.006552887577865663,0.0061876901825172305,0.04637812755032539,0.016842827191663436,0.030318142010776757,0.0329240384196646,-1032603.5037948121
73,0.019878909691247032,0.015047434589046988,0.024429202267576666,0.04147977045428525,0.001222542044100744,0.011007894557614984,-345534.87441787036
74,0.03314321063817912,0.0477811628523485,0.01432231134410275,0.035595890529428936,0.028176161848476867,0.024780253910057157,-51375.374634759144
75,0.04624042146560136,0.0012429745693128158,0.027759902116341235,0.002760497835399023,0.017413794173072813,0.04325501159553242,-383579.78876942856
76,0.03169875558405426,0.005294870187537665,0.007016979853195632,0.0015446418518016093,0.019821811768240605,0.047257414383538636,-578164.3923203534
77,0.02095571596581519,0.048311595607159086,0.029802127661718643,0.0025440367272507314,0.03748528755223184,0.012880630809101824,403706.6011434594
78,0.046651161080010564,0.04021804578064854,0.023369080077764576,0.04333044160768362,0.037303398947968254,0.04428525854291815,61533.04917331619
79,0.039238172462609376,0.0008918391988493868,0.0054571998382867476,0.0107962395215633,0.02656463774093025,0.038963497178740036,-550392.1591701752
80,0.04147143074413682,0.03984085441625809,0.011632037098321685,0.01228498714974905,0.011537315263360848,0.0013591066748792513,-272527.74030184123
81,0.026538479529952676,0.030300791035000548,0.04338694768880056,0.04792576469877262,0.03550084400273117,0.031778017700509247,528805.3463351926
82,0.030155357866936284,0.020628578463684016,0.018709202170359134,0.03719973613474955,0.026580645934771968,0.023806691054520518,-179611.23330765648
83,0.021294104318675497,0.03259655127899871,0.04337453158761625,0.022476612056176043,0.032021960605182066,0.01007674876961916,561317.692695831
84,0.02269484410381499,0.012391978147567907,0.011833118149879057,0.044402934750743486,0.04058761856096326,0.017478180572601695,-431206.33557499177
85,0.037300714012172324,0.040828438171195525,0.005263903992706248,0.02893046484062622,0.007051364997500731,0.04861731239667991,-509019.17889993516
86,0.003327942847758908,0.02972168318782259,0.007308662209634914,0.04514463438151418,0.046094875324960025,0.016608152385172582,-1254417.022997754
87,0.04123320952281707,0.015516733696203723,0.0071935966485571325,0.008456735369142787,0.010588608173315518,0.004500069552254494,-455038.8395092717
88,0.04604852362437251,0.008276586136763908,0.014236004116896779,0.006005531505069217,0.00356522670924227,0.04949115346024368,-444290.7224295698
89,0.007680669759602932,0.0057745031832677485,0.0010574008168220018,0.00370288416845368,0.006627104047570682,0.041362729779536825,-1206041.3449857465
90,0.0027697704582130057,0.008732073546792635,0.0026690966313587697,0.02901201083714716,0.03872086022846662,0.03154560038863275,-1539685.7041879604
91,0.029557190805548562,0.03403572633997532,0.019681522841601413,0.044108753516447406,0.03192337638823703,0.026106254645157548,156642.43115976147
92,0.01589955484760247,0.025226311851111505,0.04375024711173043,0.035637484688064984,0.022369637589605473,0.017303191145236735,-17008.283148421047
93,0.0425565813411103,0.0021737531006395974,0.009074920479826205,0.023382622622510625,0.008485705254928033,0.03982858649013457,-606216.6612872374
94,0.011837243555219801,0.012469378791610593,0.028561632587138636,0.013035189066797232,0.007676577316852374,0.01231761208916134,-695455.7547554786
95,0.020813121285159615,0.0024627059963796996,0.01868070692297858,0.04210350758861199,0.01651006477988657,0.03430249347529501,-342818.6290747182
96,0.026187647435881863,0.005083595145185799,0.041672927689427985,0.04282048153278697,0.003887233346252106,0.03825122025890215,-273579.09557439445
97,0.002598093323255213,0.046242093450903105,0.0049556570789937755,0.015383273318951502,0.010831118209202135,0.03444507262264861,-1216539.4883659678
98,0.04217874757988764,0.045132657196380856,0.04897853402932964,0.04548983113666169,0.01475096043561977,0.028441690269215954,1575743.8402038962
99,0.04010129401367968,0.038973877038566446,0.03212416379977739,0.014491705692474578,0.0277142792863214,0.031093101532717028,582140.3681715167
100,0.038949817728906454,0.006727610420657355,0.026803401797381866,0.03051676943950899,0.031177318482137298,0.006753989610876205,-417635.88801828714
101,0.025711143509520723,0.04287860720612788,0.023139968279675793,0.03467702347933598,0.033737517819011166,0.03412940611084416,294557.60046112665
102,0.019254474805017675,0.031978163561855504,0.013323165875042304,0.003703527636935317,0.02234194212070763,0.020451756602286486,-260979.02971900092
103,0.006988420547697844,0.02389386370118729,0.020844468429744252,0.004335574182159957,0.011118396394840536,0.022048131589901838,-977373.5581526879
104,0.011628497026443686,0.018375590505756403,0.01831962249131237,0.03714531549290411,0.01185310384923316,0.04148749550624558,-647931.5607888547
105,0.016374778220627273,0.01897320398634645,0.03428716727279727,0.027289914286973173,0.038021084259230876,0.023627799166842857,-255371.98012315488
106,0.014843823728564265,0.047442896335767024,0.045817400976908895,0.02495971127111117,0.03098596946898201,0.046398530408291214,647061.486003326
107,0.02404552141500393,0.01641806025023444,0.02677173949150016,0.0245906290706455,0.02643287690541455,0.030099848176376478,-247242.38057334072
108,0.04242802443868123,0.032629367028005105,0.04021959139735387,0.03687575686488629,0.003592516774311716,0.025784371926098604,553496.7238158892
109,0.02663611380328701,0.031645881463381036,0.014407780709123087,0.024079579460302175,0.04608424921187852,0.024675329021817058,-157334.02250105527
110,0.03674465811551454,0.010120229656285918,0.034739906440924916,0.02341602673471655,0.048109999426735106,0.02252882318004408,-309429.313922413
111,0.04303595341629471,0.006605141865077197,0.030718987027095992,0.009044221516104517,0.010845806140289417,0.004759376916848707,-184050.98798613928
112,0.004754787411496731,0.03628578141357135,0.004224660941176012,2.840646294722249e-05,0.021597283050024098,0.038462129064911074,-1110525.3867595764
113,0.0467969911350313,0.0068703965018901084,0.047944012295454023,0.0366733221399918,0.0016074543901425098,0.028499145179701646,-429229.59544560505
114,0.040044208804254834,0.029684100223317706,0.039131205231477346,0.0077141562706738,0.04705381423823487,0.008368249982208965,661715.6883675714
115,0.039755741949154294,0.04730135314086652,0.01266916769195936,0.031331960884874076,0.01631191810820284,0.03207806629821761,-173532.22165395922
116,0.02950379476791546,0.0047524598782200615,0.030808285001206068,0.020612929823203757,0.03798215261531974,0.011533956266392892,-656587.2657363213
117,0.00856456520463944,0.028247530573622094,0.028621525701692487,0.04528959264571301,0.025010482465667606,0.03780465738564265,-805595.3955651433
118,0.023299257649061367,0.02613158877565614,0.0381961695003294,0.04248650957006136,0.04994143054774025,0.011197283279697913,108700.62628884536
119,0.039962235825603334,0.024607660778771457,0.029979672076130615,0.014344620678172743,0.012521654336594412,0.013143566607989134,142801.38298655863
120,0.046561811784505094,0.005986679425056141,0.005855178295005526,0.02912223707696887,0.04967612615729215,0.049513904354637726,-406312.9279432054
121,0.004385450595538421,0.032893164252026395,0.020930415039518976,0.026338661568115387,0.03195136051323369,0.0429985271850803,-991747.0245628533
122,0.03871607080709216,0.033561570665429634,0.016681887916411908,0.04664667292267526,0.010193031366477196,0.026427086447122647,-193844.696822417
123,0.04491832736807679,0.03812660735353262,0.013526747045508786,0.041641852733075614,0.015160103831729582,0.021990452124023337,-391730.7865220719
124,0.0182096008886027,0.015721999010213147,0.007880582431249982,0.049281055075600405,0.04925233483604355,0.04530534053825908,-860887.0239446493
125,0.007389168627109583,0.046806373168787205,0.021895201859937666,0.039922417241402886,0.013456525036140289,0.016042503703359374,-695545.1897827163
126,0.019165991138870492,0.0364842854338689,0.027649653262645,0.027364142060243735,0.02803886872810061,0.02527514096785335,122291.0147320889
127,0.04680699934192312,0.03901507469546961,0.02396847820622702,0.031833513995815306,0.020416151131649442,0.037458707865776646,-21979.286660974176
128,0.01881797367404131,0.049331577246216105,0.035888011800182175,0.016677496323917768,0.01653384984731763,0.0063612980945914,427786.46153766144
129,0.04755973300019206,0.005923928860852069,0.04252668395953913,0.009435610501445963,0.04252604394606788,0.022314116929022076,-304832.1647181001
130,0.03185369419956038,0.006096083916755629,0.029412899998461035,0.01139338932764169,0.037967055001119375,0.027699056290842974,-237364.1769992261
131,0.03430481825527244,0.000615134294430142,0.02271589809208733,0.0010578005711646744,0.01581807286683576,0.008850070556067053,-503732.01978570997
132,0.04126997555981606,0.014767951267204494,0.022927404089927557,0.03279364304914203,0.013751552031512643,0.0032473389604971816,-250164.4827401383
133,0.02211570635339466,0.01509636957212458,0.045922094775777716,0.002746749459883463,0.029086364897935747,0.0010861727852044811,101210.88016566247
134,0.0390647017715758,0.005529420549805525,0.04985173289187866,0.042439605656804436,0.007769855962863781,0.03032831675977149,-307494.9146536445
135,0.04396000121538726,0.01419542189320195,0.041844828983046915,0.022234401400537285,0.02214257606159513,0.0035898571180022934,-133871.2414057897
136,0.005320976593569143,0.049955236523711935,0.03328423680532685,0.040137612510610786,0.044652624237662634,0.0005508333692114232,-708453.5904456149
137,0.03250625077793985,0.004522036349206638,0.044851669944831266,0.008930208784855887,0.045195209439773947,0.02747468064000291,-222976.33233146343
138,0.0014499751602234713,0.012041402902057352,0.0071510937583317506,0.007501978912410507,0.010139522630457943,0.03299931221185571,-1512673.8887077135
139,0.03883839703461093,0.009910211360644895,0.04553191135654427,0.03624084111234365,0.029971340428996764,0.04765741899562629,-301244.3857950928
140,0.03281345196637451,0.001808135524734811,0.00027149170643502306,0.024703180183088855,0.015013595607126335,0.023861645498789826,-514695.0854605099
141,0.0025828958507199463,0.030296258882386386,0.040074090542970765,0.01798331468333055,0.011220794633734316,0.0022981624670070032,-900001.4540449819
142,0.011927641031369424,0.04247044214615365,0.0028615970076630195,0.01761062467825621,0.035570467385487116,0.0009218901437596905,-730125.4488801267
143,0.040048192682083816,0.04638977150861402,0.03860541995521903,0.021958925660296738,0.03220047007249342,0.030520205458715362,1046828.8713554228
144,0.034906039198931864,0.041899010932769154,0.002007564977353321,0.0388324217944358,0.04052598578298988,0.03558529104596939,-672671.3184109521
145,0.01008910553595277,0.006246183965282154,0.025226549509649327,0.005139884807237472,0.023751122200218036,0.03017029787438043,-867301.0603578284
146,0.03725940641644223,0.031500592228819936,0.042556554988096754,0.01227830194047258,0.0021275908823388257,0.011179516043802346,487281.8548749384
147,0.007760649622054545,0.03673105459675808,0.009652074543445206,0.022744720086631944,0.020696515952730046,0.008833349066358081,-707842.9893180706
148,0.013537937565890014,0.035495234864065195,0.04901023924493409,0.041220777134174644,0.04628433343683623,0.010067415952635762,305136.9697795181
149,0.03057718029885348,0.00272501574956478,0.030815448496376643,0.04647864577836108,0.0008930479587590412,0.04624812363534728,-624265.8382291585
150,0.002117527579008355,0.04420728556834086,0.03547891425503104,0.0475964395040454,0.0006025931507962601,0.038150964838837405,-1124285.7129023995
151,0.008656392321125162,0.004586050291209904,0.00917666144401595,0.04851007862849217,0.04529511094088892,0.048535508059810654,-945472.0223257988
152,0.04900135897770963,0.02292803212292449,0.0392040474170704,0.02751617528488197,0.003907806994269414,0.04248945989025181,-78829.00403984179
153,0.03182041710538885,0.02862065749793187,0.007256512733252485,0.03069141279045058,0.030736837209414454,0.020862680492934313,-567926.2074036044
154,0.04730122267790476,0.015067131625735898,0.02890086079037711,0.028592098826055456,0.007678988954305727,0.03698850132830752,-337111.56315923616
155,0.034988797229453306,0.03246165776226544,0.047029720484775925,0.0037508653675771167,0.036489038352189605,0.042448921131242705,714950.9699414101
156,0.0074219494960029,0.025417636922347105,0.0202017195370383,0.02362343387822441,0.02549151830285247,0.015610713646103913,-903156.0378360738
157,0.023708436474130908,0.005960876309887231,0.006704730493638267,0.04847292918627938,0.03665622372797727,0.01844942766501725,-696068.680850368
158,0.01390377728906287,0.015235230188041566,0.0213951606840675,0.008740369311650254,0.010978979610104567,0.023196114305502502,-410808.68179132
159,0.030549377351831414,0.03173145587091315,0.020590544829278513,0.0471284200157169,0.0367073172880459,0.010762187408957492,289286.283892275
160,0.020439155471434857,0.0108814263348481,0.029415312420450413,0.042978056670944904,0.018910026150484056,0.042586109137625935,-294684.9606654613
161,0.015852045565861894,0.0018029917138681851,0.02092000220784302,0.012084979899056547,0.03093303059681588,0.0463335244040641,-632150.4001475086
162,0.023706633754508516,0.01127964341021055,0.028622896656105786,0.012894700457389708,0.034646329529292745,0.04936563099785719,-49588.56741326279
163,0.028288595021596048,0.03510010905551857,0.0323974241100605,0.007529914362150176,0.004420114535033721,0.03370975962224081,392887.2168407782
164,0.03262165282605158,0.015810707591202157,0.039371611099297696,0.01698679738745152,0.003562223868329556,0.02376528089418021,-34422.85631315535
165,0.027457219179983974,0.021570909758994505,0.031300624047052854,0.03768853398219779,0.01425612002075944,0.016752343875256738,-44007.931162876135
166,0.018032866722512714,0.025636962230337915,0.03683528442411101,0.04228497003234861,0.026003595613074405,0.04213659844032361,68500.05182836608
167,0.04432014433618539,0.046052859864759585,0.025181646259154963,0.022319474607185474,0.04764875807800517,0.03253972948588684,420678.0618801869
168,0.026013755737028455,0.03999352053819183,0.015722534587210065,0.005794943265962471,0.04425464941134004,0.02446325954153989,73018.39823563777
169,0.04186911811725343,0.024707082325871172,0.00579283621676342,0.00708194839864525,0.007634506692071036,0.03437669675549359,-642921.505026841
170,0.003602957353647185,0.04209966055197316,0.002778395845343895,0.0023686253364744894,0.014329688245690664,0.006989379523493405,-1259893.6887180875
171,0.014030571806682796,0.016706502025077292,0.00864972225957969,0.022053871480864212,0.020717688599718065,0.026093821734442798,-509210.23254185164
172,0.015694668490099463,0.037134628336254284,0.0007341421780035385,0.013981816455126512,0.0016021794689088599,0.03071930532675929,-797825.6145474241
173,0.04135867122603432,0.04282740117872791,0.018613078659577408,0.018685900144117567,0.03256674993700232,0.005433348540213424,-141059.85716546184
174,0.007680644953031741,0.030042020397254045,0.005983627793244717,0.0006888677647025166,0.012414712394264638,0.022827366149702613,-1078342.5845139988
175,0.018245968053912626,0.047921459045048624,0.04977322362918186,0.019703598708423364,0.040515127763673324,0.0188918822096412,832959.6302116612
176,0.038605244567729284,0.01554807549603831,0.034383252458304626,0.026522058980153945,0.029675779622109613,0.0010915695822905803,-265713.617196065
177,0.035270318274200636,0.01939208475818249,0.03204443172930797,0.02575666884230945,0.017241562969941893,0.021064006384162733,205592.4722583862
178,0.0005363822487838122,0.010452882930112074,0.02625441514836306,0.005014369924762513,0.039141028282432266,0.04712021254042613,-1434442.4083150395
179,0.008187565212914794,0.008295343393826681,0.0418152145275119,0.0011134410314800004,0.030068638140567396,0.038192203364417907,-701479.4601089444
180,0.049456650134180276,0.02779847140142242,0.04195348654408568,0.014240379432494472,0.03937777924316084,0.031617752538315065,-157227.92311500537
181,0.04951608321631363,0.007079794428438735,0.022412280662717554,0.0464581316135535,0.04905024056768864,0.0021173056999352403,-504026.6210582527
182,0.019628635792095995,0.004002464182309251,0.037766508639737226,0.022246888051350312,0.02734938937891091,0.0073371616603826245,-567214.7736410992
183,0.021688951366129652,0.023466346709520067,0.00753364869066201,0.016814291521368086,0.04938237238782309,0.0008115228171235722,-431550.59750094084
184,0.009046332611543407,0.045355181107810755,0.002232454448713944,0.022625396576219203,0.042132731085909814,0.016195063135964423,-886557.7491012311
185,0.011642614247185313,0.014602966515726418,0.02450987712007932,0.02398992513775767,0.048902287289399,0.023743841823785194,-677733.0382454916
186,0.0293222586507398,0.02466449879253333,0.0042057667278441015,0.006546065607324953,0.002586074583319553,0.04727082862199743,-699551.3316941627
187,0.012183372702785678,0.04217941923812706,0.03187943502392295,0.013290470663753285,0.025203195328227547,0.00453508830449843,-204477.95987775896
188,0.03245745250671372,0.03351016276756775,0.03814515095197646,0.021182756027530253,0.046505275962506205,0.02512064968154692,448246.5606861808
189,0.002905424086072367,0.01833041924663062,0.026976371763083935,0.0485567575901164,0.012941781861869985,0.02522726198519686,-1295012.4276095452
190,0.0169228241648663,0.04222394366435933,0.024128625429364697,0.04297653959046627,0.02241261772768719,0.01397436867850948,115307.97767064182
191,0.03843137947296896,0.042600775844058456,0.025239574145174904,0.04277376817089409,0.01949447344363045,0.026536164553011707,411402.7420936184
192,0.045477612193567496,0.02935619702684903,0.04251371494168609,0.048826353320757285,0.009324164737793196,0.015070031836009285,550484.327335176
193,0.017029539779576216,0.024940847926574264,0.026570552050228888,0.0015534800034919972,0.01959188549550264,0.010009171529242978,-295941.6323255311
194,0.00524898579480353,0.019927625335077033,0.04586688362758381,0.034001746770394574,0.009066072938292619,0.03374063762029349,-839373.7986183744
195,0.031541612018237124,0.008875329121848375,0.01694278178048025,0.013173771409465886,0.01776089170605999,0.017443032602319875,-511309.26082573953
196,0.009580150483134993,0.001241156589928627,0.04637302292520134,0.03583758750818047,0.023325463156917154,0.018064944942634154,-697213.9244392914
197,0.022410366412843576,0.015376753621039308,0.029923859577886833,0.042631135951972494,0.028597531282060135,0.010691541063899891,-229747.9424683096
198,0.00036572281465078186,0.013901105330040693,0.03515167328494463,0.04500456390718413,0.01713251480168203,0.0019489688768660196,-1568264.6125522132
199,0.03168848865346315,0.04909029737712678,0.031017885482902203,0.024730011198722646,0.006196902722043891,0.011923322185787129,710881.0226880651
200,0.02387529368138664,0.038071628159200385,0.04516639359820265,0.037355543634370554,0.006537590668815929,0.04034721121770179,750012.4155669414
201,0.03603479733591758,0.04816056117746898,0.03910025853690886,0.046845364406547685,0.030326605020397236,0.035517959601141465,1303072.5881954143
202,0.04334007191309633,0.0057052035591818595,0.036620675149689384,0.03567933049537087,0.04964039786352225,0.017076913110081145,-376949.83795962855
203,0.022004434976368434,0.027655190120563763,0.03270512047411784,0.008142827562135125,0.025958361745716075,0.026662490491585412,148700.845386106
204,0.048490755835278475,0.04922890407158123,0.014411412274395264,0.008895624414807225,0.030655470949706977,0.0007062366738411985,-263391.9048710172
205,0.03668767487189581,0.03749917689676343,0.01732464306565244,0.04638342012271108,0.013228713891063082,0.0019780104195095904,73192.34450932432
206,0.006193488743211051,0.002047348014285988,0.03886715637645893,0.005412472073742853,0.012012447413982087,0.013695308430302262,-1188096.8987307448
207,0.024484987090845296,0.04927700847474631,0.023248672809682652,0.0016404999748864336,0.013967740609686459,0.009647086824674106,407137.0858275504
208,0.04889584895369201,0.020578800109702994,0.039684107527998634,0.01893104637172593,0.01925838686779846,0.016950387030143954,-60518.40332138085
209,0.004240963615591603,0.027773085506888198,0.04010298934928622,0.016396194176535202,0.004486563887062561,0.0012602473563081086,-783889.812658506
210,0.04623508336099444,0.041129154530871584,0.0018485363600587114,0.01010571500782333,0.03783247137083077,0.04954048827755611,-472903.99420476117
211,0.01863511706533671,0.0024349236156925636,0.0054641145557279,0.046426308752866456,0.025210967776888433,0.02659119278889671,-757409.7096764501
212,0.033765281433374206,0.03566290981558491,0.038686034137581315,0.01572907845179213,0.03869697193188282,0.038237834396632434,764505.8628775169
213,0.04327282740278315,0.036971573423825496,0.04004357960533161,0.04221361787912223,0.044775228859844224,0.02171746241126479,712175.9945471438
214,0.0024481854911639622,0.01172675752206493,0.03109488866876229,0.03834377840535988,0.04031993643979393,0.015422981124887509,-1261584.1903160457
215,0.042906265231241164,0.00022500624698295615,0.02573146710581749,0.0464621122003075,0.004717075131982773,0.04971345895816415,-614565.3135169888
216,0.033864369968219864,0.0014803644564306607,0.020067777877669397,0.03850453590794348,0.004663545266216362,0.03281148240525003,-650421.4509435215
217,0.044781744069184844,0.033580640442792936,0.011882918168029867,0.001708970546413008,0.038509347472209146,0.039961146082952766,-542347.2987470666
218,0.04263905648159563,0.017401571170475718,0.04266723355720298,0.030120512654572384,0.04284301959582853,0.004894164010742986,-27912.821077443245
219,0.014947182555945277,0.02951601254415745,0.019847003387391704,0.013796192102040661,0.020708876079633527,0.002122897641404914,-191451.15664539766
220,0.013741252537753351,0.04432787810859346,0.009379684096974567,0.02241080437855831,0.0132606728056283,0.01963675060508765,-630814.0168878457
221,0.004240579561788155,0.01709634692728302,0.03588195738207838,0.021255131599615326,0.043970586674384256,0.013517048526381954,-877991.1710948467
222,0.04037158029881409,0.04993716850333824,0.014818102850558247,0.044687156435813606,0.021298548240642465,0.016390386034699302,-373328.0312313095
223,0.02039709755656411,0.006841063901481315,0.02874359648115168,0.025125602466757303,0.020887164318141985,0.012868615652757305,-482609.1161494191
224,0.049879001863145866,0.035044050506032924,0.02976064202066859,0.025133966239803348,0.0075900866539415635,0.017596497151148305,207740.36825933398
225,0.019618454646089703,0.045764938014277744,0.024845829806517474,0.02828951096870453,0.02067041221949293,0.04119561805253982,538700.6296741299
226,0.006718345665653075,0.018268923159956676,0.003358333442388345,0.012836088076758312,0.04848857894155051,0.03923610104256757,-1076372.523356148
227,0.01009895188443908,0.0008834390499956103,0.022663995825008172,0.048379651299873615,0.04190682774151521,0.007105196292582133,-874664.8567130354
228,0.03172701324758986,0.01716462311894539,0.021019088575263856,0.02632300453175069,0.008498926059789287,0.04091136763136287,-72460.19686657809
229,0.0479604636422288,0.03759815607874578,0.027042831847247564,0.029208107459164797,0.01317246571784529,0.04647994860035857,369155.04292502435
230,0.014227043755591263,0.044849839938649765,0.011754855844032975,0.005759302665713034,0.028193120173565702,0.036052027733336274,-486812.62710310274
231,0.016267136525833854,0.045453240721147425,0.02647710276425362,0.0029424268666215893,0.02989280166031018,0.04079506077315471,166909.4368021119
232,0.037115897470898836,0.029537239708188306,0.03267196045047476,0.003376365720902669,0.025612148555331355,0.012927858907437001,577567.170565059
233,0.01496916457574128,0.012068603081333146,0.016124617358433263,0.03314622257684604,0.005933868353942245,0.046852571533525345,-827972.0598993981
234,0.0077720782041711236,0.043715718264540376,0.014162346662505704,0.04473642908573659,0.009298720993785458,0.01616329421825523,-902306.7374553699
235,0.028074469720719232,0.0395987212570687,0.039191205468785684,0.029381748732652153,0.035903116831712524,0.02213280075801291,664080.1829307975
236,0.021919312929209647,0.023812865429336284,0.049735087446751244,0.007814566098048753,0.00520757469014358,0.049988266845717194,469672.2579362932
237,0.0337298738489512,0.040731922155894135,0.045127698460961596,0.022767606072174363,0.04362658745742491,0.024118800231455725,785417.388721355
238,0.039379491811466966,0.00925896724767838,0.028108536686878613,0.04611788192730017,0.00438796913857753,0.005700959566727549,-351302.9928872708
239,0.005094707865727244,0.03264610632819992,0.047767471409390555,0.046481609386211216,0.04737465225223925,0.015735872373268168,-523096.1841968844
240,0.025636603215005566,0.02164862464338836,0.001792137570908159,0.017758244349693593,0.0226225117417379,0.020808084003364542,-635484.3509330024
241,0.04798872611646102,0.00515013420650794,0.002053954665242347,0.009502260797979833,0.04491876919696873,0.012665380035282187,-674454.4577861511
242,0.012303330575246924,0.0032765216959191215,0.02275589212058812,0.03526362047388258,0.0033577838867486446,0.0019375665764214734,-888724.2586692737
243,0.02580439006285562,0.015628497451429198,0.002548024128744303,0.03268652362884603,0.01695079287866302,0.032772969636000064,-778005.7797405038
244,0.005580018412461335,0.019225218899496407,0.0030264225413268067,0.004701060108441519,0.04749256899579317,0.03742572334465477,-1292694.8563694577
245,0.03490948628049567,0.0103510270762406,0.015103578439181926,0.04381336165128996,0.006823527702225546,0.01600804844464347,-534353.3841086766
246,0.019706288858904877,0.020830481653457397,8.303538374002662e-05,0.018417208210317206,0.026858632416340927,0.014843424275370715,-799736.0317064491
247,0.005603518549934877,0.04313822818704391,6.16531255954067e-05,0.003031537109470256,0.018443919036873535,0.012727465731364108,-1325284.8597886758
248,0.025408367790643756,0.024475100325360405,0.016654708050531892,0.019296064573160743,0.009847977131001313,0.013094818728236774,-392111.5961991082
249,0.021566351007322484,0.03902905687632922,0.04206018531074782,0.03134761702161344,0.019407691728903255,0.017269169658474606,587812.0902647283
250,0.013017427170762503,0.01612452204838649,0.012124142651416637,0.026695281636118645,0.03859302704219629,0.018943397817397862,-633328.206083713
251,0.02399317002755326,0.034162917882940645,0.011412643773171027,0.02937597462779203,0.048310131268408815,0.026099005705902536,-247401.7867123475
252,0.016536787102743335,0.04651923087945753,0.0024284644923479037,0.045489878825877225,0.03968363121282135,0.0029359340825074855,-583826.5141369912
253,0.023038480261978314,0.035577902079838894,0.007522700577873704,0.021454943573462844,0.03491592039342941,0.049335595622409995,-314652.4887209279
254,0.0023687010002740928,0.006910268581926538,0.04594115967653414,0.02291881455807563,0.004639272706336972,0.02810045873564339,-1452841.389188996
255,0.0004629890910561707,0.009416098740567591,0.0015641756450822275,0.006328189606198015,0.03757597801396967,0.025383849873088893,-1508269.6631742609
256,0.005531473378110163,0.031007464331414814,0.012081945436954289,0.036171568418864326,0.043468091343926187,0.03144740085813886,-1158990.6318571765
257,0.028460602521533842,0.02950976913830631,0.04247176665448896,0.030621966462659078,0.03772851477198157,0.04212275007263337,460771.0121998426
258,0.00023706964559369603,0.04266847296711834,0.030955954321348702,0.043452689313850136,0.0018215097841441652,0.027809514839889467,-1204954.9029145367
259,0.00813717430524788,0.038646869406764206,0.04277457708952929,0.010813465489877572,0.043017294539089174,0.03241988426016806,-411042.2885788195
260,0.012713174187707866,0.045939684045134044,0.022722871514932894,0.02101112395162191,0.009405211406067565,0.016951181295991324,-187919.50769582952
261,0.030171222716666075,0.04923247668088218,0.018076803931959966,0.035188884727011226,0.010217977260581941,0.004679147266918637,496738.7612609718
262,0.040657967291005646,0.015919955891422984,0.03996067611207455,0.04440143791137755,0.03821051747900584,0.00998974653290663,-173164.56930822224
263,0.030036695943132127,0.010817784761270072,0.02070130468946182,0.014615577171499583,0.04860350885654429,0.03540922433795587,-304779.8892376861
264,0.015881781718178084,0.003905419654018194,0.0014917385049848743,0.03052610021069124,0.015381424271206518,0.014956257208326114,-726941.0575551997
265,0.017323932770359048,0.000951707390874329,0.008274387879088753,0.0019761809345115234,0.036424093345096574,0.002158761252844227,-626471.0522799022
266,0.03625916604254344,0.035404561784179396,0.036929019322869135,0.00024286688886395182,0.03647475439304896,0.04744368785745627,675902.7196447217
267,0.015857658556498937,0.04450097285588478,0.02969152740142238,0.037825152386365524,0.023582009531218934,0.02430226247804365,15363.042060803176
268,0.006301317087331327,0.007185933072776707,0.03465477134648508,0.02180682113245527,0.016232183355516683,0.026085710709292012,-893715.0066340081
269,0.008647196822103903,0.025364635079102166,0.04958872379643554,0.021557547857055756,0.029908394002038735,0.04490600402505473,-616358.4478613561
270,0.00020038023666697492,0.0008289900948778462,0.04965422909652533,0.04975047086619052,0.003937164494145856,0.01923417363306707,-1453951.7206782862
271,0.029231941706708276,0.006345498775925657,0.04486510998770468,0.009035309788340473,0.017606023696276684,0.01437365092742115,-429744.786463331
272,0.04401901500638461,0.026810020655568763,0.031089601493037827,0.008726856581339416,0.038203802671064525,0.024814437141461795,396031.5022599094
273,0.013659359575043818,0.0025259848186002577,0.02972838044454322,0.04596227911086129,0.0016296221623507247,0.0033489006565994963,-768886.1062689614
274,0.01473775966013815,0.033181052333017595,0.041812258842130065,0.020163679146517205,0.004013866020201856,0.013136479820741676,299417.5023744499
275,0.000908027195718203,0.029785688734286372,0.011564026984342612,0.04930148715383118,0.010447980374230705,0.009905887070604536,-1419037.5101512694
276,0.04369442489519007,0.012683225328091425,0.030538506661770916,0.028682033439785454,0.024899914539657838,0.02902191486014224,-283402.1460254651
277,0.027677042004480575,0.019808325002962448,0.033881038179989706,0.018836763910427337,0.041338117994747355,0.006929027572123142,-40570.05081780371
278,0.0362884817357717,0.028346889765969344,0.03792111185923771,0.021419632292073283,0.03448809242220435,0.043411822014144986,571473.077033793
279,0.049170853799646884,0.020963619395040257,0.025729152594276546,0.018478580317837886,0.02838727995468764,0.0034569972503630756,-510964.88837018725
280,0.0006234938970606619,0.039801427815518924,0.026011503352299695,0.008515954405591447,0.0034569081233057244,0.036394044599926095,-1231066.1699909049
281,0.020398071518028263,0.004703598154469791,0.044482821083769865,0.014402998436107034,0.036187264509591886,0.003319913952163728,-292773.7491359145
282,0.019750362002027823,0.03412907991046102,0.0074687078184075386,0.043127390020416274,0.041776509905554586,0.0044464371525141325,-515754.9520742739
283,0.048077481477051626,0.008922088091091546,0.00997709964497452,0.001187825322859326,0.002814440649099559,0.0426815086573367,-575859.8476772503
284,0.04294914302788569,0.04562913720709656,0.010607370376165071,0.011735174452594789,0.027413665892909434,0.021312210159002837,-304820.63298468216
285,0.023490044408741396,0.03667474522814149,0.043918286690540084,0.0397762763114301,0.02444491507353353,0.025033042033063488,565266.0468665323
286,0.01895263475186526,0.025850974342471463,0.037085820525986746,0.04945459697499512,0.007506477837462855,0.04153519693729657,-74530.40043720571
287,0.03655679883263977,0.03914800650130425,0.02849669093207632,0.0025874872801942396,0.02388243847864854,0.04431674119665118,373770.4164725288
288,0.005230754840238761,0.045198664543902006,0.04327862696605141,0.033260698280206065,0.034260730968306646,0.013165864112824277,-582113.0708773349
289,0.03990487179091665,0.004993123858036475,0.01021986835407146,0.020928739568072716,0.018329053174952526,0.026072160507899712,-696459.8445733172
290,0.0371800182553826,0.001157004729097322,0.04896123168536398,0.02311139650718341,0.016344917593849467,0.015274030618558504,-319015.3379093115
291,0.01885723401778404,0.03596562668454118,0.04437855442440217,0.012542644582756108,0.01825236234423792,0.007497073896703033,378250.40998561063
292,0.019731494407504116,0.0159566244299833,0.030437056444912337,0.043605215100178694,0.030105969591671368,0.006689321279692773,-233129.26263213137
293,0.029049468687402536,0.02045699888123986,0.030088737793385424,0.03469296671045007,0.04238332339989866,0.011876783602612946,-11391.555244569297
294,0.04676906847832474,0.023382012831329825,0.009837109037531567,0.007530029716863196,0.00043086285668760276,0.0023625169428242556,-496095.1506897859
295,0.018860299144150196,0.019705349129655932,0.006555434651310994,0.03811256741517558,0.049359316602084695,0.00224401612381383,-470852.434200299
296,0.008143575027727746,0.03422810366968387,0.016973887710445137,0.037403547953994636,0.003593108292048003,0.029606641245183342,-631141.6039669452
297,0.04774491959279038,0.012179837267930371,0.004946225255241116,0.0378037641214119,0.017960219863386886,0.0005467360555331868,-561659.0326864868
298,0.037675228150012896,0.0440518025958935,0.013905667843574394,0.029759467606271295,0.04956223140700139,0.012880871141924788,-180306.60960054162
299,0.0101044050822739,0.009288306743554358,0.026100615068325617,0.009474563859360791,0.006196294637675748,0.027762780995002807,-810073.8569715148
300,0.02342083206233855,0.012971991992726712,0.0022586558494713193,0.02982225496801367,0.03961354185852012,0.03765366368102549,-696114.0100021627
301,0.02407456701631404,0.04796661738178042,0.03262596003763316,0.04462707473975436,0.04028863491711507,0.012363354153972224,784466.3381400785
302,0.024775327831430924,0.0055346037014808065,0.012621814527479364,0.027793870243788057,0.014870597954679,0.016489268977575123,-535334.1852689347
303,0.014738697478727136,0.03824017763036172,0.043835539863230966,0.04659721846149982,0.034094795253353676,0.048729520662555294,401596.95587314694
304,0.045082092678321924,0.04922843041253771,0.04911833415522662,0.020845626835937228,0.02687187866769883,0.024355770995821088,1392780.0229483205
305,0.04764995663839908,0.0035911070251442192,0.00688967679639026,0.005364352876186346,0.011835099726330168,0.02638181803022411,-581870.2107391994
306,0.015223326323801646,0.027644912703223074,0.004848894435273966,0.003368715256650312,0.04657309646544447,0.0061921840971685405,-722831.0180340498
307,0.042289847890107125,0.030837808953865453,0.02711822011511025,0.009899037320845357,0.03826606119693183,0.004846727089465686,439141.55036573764
308,0.008265566168364559,0.012662773720009868,0.008015601249112903,0.04501390498077047,0.03628504853612678,0.0034310428554429452,-1068065.1517509704
309,0.04259665788973993,0.02921139300306091,0.03675647137598167,0.03459235306428265,0.031581427108565895,0.037867471636995935,673290.6074574911
310,0.014801643145501288,0.01856263185441386,0.02024274822132669,0.041409892624466794,0.03591752815865775,0.0293088147635486,-737150.2106277022
311,0.038000748587201746,0.03861764938372841,0.010340676375701586,0.016123165929088884,0.034863683091496456,0.04784857923153898,-377524.456965481
312,0.04707694283690495,0.00603276687218432,0.04480610412118152,0.029376089026443716,0.03321724342171269,0.02185640210999004,-301451.75577198516
313,0.0050197822824904655,0.013226990557565555,0.04232392680339785,0.03780604048715372,0.049883369616931794,0.008019466203386805,-1028568.7862457006
314,0.008974603617304372,0.020678396565498493,0.02249296499720631,0.010120263975188115,0.026971887933219474,0.024068769863082914,-996567.9337184725
315,0.012262948651160482,0.03551226006679933,0.0425667324701102,0.028578489225335943,0.002453702386213652,0.02021382281652245,95567.5933205708
316,0.04372875699277859,0.01696610728682805,0.026542519714390724,0.02914891310327804,0.029259567565248137,0.03286669808841868,-137069.63258732556
317,0.012420320193282576,0.012239825077507272,0.008062703142596207,0.03601080145013319,0.03207736016704283,0.039512157769471756,-864100.7898261546
318,0.04700095054037574,0.044399441430279,0.03886793566638461,0.031238031734229583,0.026875383126860226,0.030309821444390546,1017705.0127253989
319,0.025883076064386452,0.024530395775593596,0.0264872833091249,0.0050596683376666176,0.013657827036276,0.026369989032906563,-119069.98730115757
320,0.026828400678854464,0.021728154234884518,0.0065877416446033735,0.043649360770085355,0.033952577814399656,0.0045204039235948795,-689615.907202238
321,0.0062831926434268,0.047612485792284165,0.02410153797931753,0.02961374752222022,0.011086899381854948,0.03670082798943615,-791861.5980098434
322,0.04766027624525945,0.008178843885505499,0.027720827601996678,0.041372042625437366,0.029672813629498668,0.029568130487585487,-373708.0816429282
323,0.010385862667576962,0.012659230306330078,0.0015027289380589394,0.016929572160540703,0.02231250105806547,0.04320541769076727,-1133879.3141405706
324,0.005947665537010566,0.04584242038145979,0.016076649574116586,0.03616601654835783,0.025987682984792156,0.01841161931241855,-862172.0971263953
325,0.03040646059572958,0.023250706599463652,0.020022562262263916,0.002518986914427718,0.007150370066319256,0.009651259476968533,-91391.2882809923
326,0.02659430456730341,0.009361947230767076,0.04943019492597883,0.018669177162933738,0.047207182353813736,0.025257669742937434,-78553.47039096961
327,0.040915393435193154,0.03708073163657576,0.023437964850697626,0.011742008162961554,0.005287506873075704,0.016915276230148203,300825.6797280595
328,0.007643856106316799,0.04603329291367839,0.017069353369086382,0.04078653177755284,0.0191671396705254,0.03862529030112068,-684685.4284982393
329,0.0025053344848466885,0.017120183840531433,0.03972285152479422,0.04013524880634395,0.005541038484935207,0.030432987631339187,-1477005.120852416
330,0.03113543724941041,0.037541929237242984,0.039681769193118874,0.04795480316855554,0.020106903745177696,0.002547204450151114,752664.9044948136
331,0.01059773055402713,0.04618916580465901,0.02189948014601863,0.04616513451289393,0.04418331407862415,0.026107072360450092,-413809.25069993694
332,0.03195068246320823,0.00011543862933710015,0.0496684249205589,0.027612656017200483,0.010587055138806246,0.040972537777231866,-496499.7144809589
333,0.014044819298207757,0.003103155327007762,0.0229131020768257,0.024930001919606322,0.0016938897571278256,0.03415074782244989,-1003215.376908789
334,0.006451502859102088,0.007616335507878786,0.03161414065151051,0.047524813490135306,0.041457524517287514,0.01385990701052699,-901879.6776853517
335,0.019646369578511666,0.04609262250774976,0.015957824730403504,0.0026662542466670326,0.04701757062690903,0.04685313624398507,-261372.10770162972
336,0.03630900641919506,0.02305497150774538,0.032997565056463944,0.02662076598564347,0.032115870583576754,0.023130003035540414,338622.03560289595
337,0.029984767835799522,0.023639198637949912,0.04750305473122186,0.020988268354937934,0.005972421796435018,0.004837644918054801,424610.2591619343
338,0.017135682137747795,0.008861775062463629,0.033904703043991416,0.011636607333809374,0.04183203732032722,0.007291615036784,-478502.1875715468
339,0.04230037806539544,0.002012686996996188,0.02248163442113403,0.011334932595735536,0.027430702966110377,0.01075656090391372,-500776.20110595616
340,0.044624384484366314,0.037480930946143375,0.049590385824881414,0.008160334235889355,0.028165812084898115,0.018404663549830776,1117375.8694119062
341,0.02657069057986219,0.03299978594005756,0.015124014056896408,0.03130796429202346,0.04561026702043382,0.0075496565717533826,-249904.5763798761
342,0.047376779983299616,0.018316774427826817,0.03692553563433143,0.0456716829906532,0.04512449837114593,0.04145437916679515,-170304.86638912576
343,0.020157010205954097,0.028090946503149968,0.035989126751077315,0.03156429586530426,0.031007332873277373,0.03196063299682508,-143520.18098014456
344,0.025446707587567716,0.04535431634547543,0.020965049396390514,0.03452477756089066,0.0008241100298078508,0.04790462895803249,76283.6494490183
345,0.03235358990716626,0.017118121665002706,0.020407833411550655,0.029280188073278993,0.039073291970121084,0.01886409195306816,-129629.5695889583
346,0.02200250541167762,0.0062903509156142625,0.004586183952950335,0.0006198606957897979,0.0254867329938222,0.025359505965796447,-501171.4417150979
347,0.033374496157337896,0.032775886917152615,0.03314548571050476,0.02184946441557259,0.01698585270810384,0.012491304390486103,462160.0237563767
348,0.0009883222671345838,0.016327342133588996,0.009890492362959847,0.02637724372485914,0.018763906984674707,0.04849659415249044,-1279043.2889433897
349,0.03890757112720062,0.04303152006980651,0.012334018861307368,0.008646365388346572,0.01598327838135435,0.014698023546228551,-376423.8162194153
350,0.03339245794239932,0.006468140172913722,0.013757626280085667,0.02716545881179785,0.024964012848707397,0.03218702327121366,-559200.6145732048
351,0.0069327248116709764,0.014176038329961461,0.0337368273674639,0.0475000885287104,0.01426105427469337,0.03463857846274983,-830463.1802613887
352,0.045516345509262625,0.010126120396209299,0.02710395174753596,0.0012520101502591808,0.013119423636681227,0.02318598639982964,-564711.2128146063
353,0.03506955506217162,0.04764612342427829,0.030503024144358695,0.0015497394240567232,0.03088347302768195,0.03391553042008541,704406.085390007
354,0.012755346551369035,0.031273907845696815,0.016024558083900808,0.03733658574190234,0.025828725242150616,0.030197233248931334,-370023.6747325362
355,0.048806419534585394,0.019983806758181843,0.03427138603805071,0.019803262563924364,0.002062651625328127,0.004997592788725653,-143018.48044680274
356,0.001161379117337924,0.02000307230673777,0.04375538066612558,0.032749796210073207,0.04977776497928882,0.0007901619581648089,-1528975.5657433954
357,0.030511372221662295,0.022197144319798818,0.0467968749717863,0.02787917484131914,0.037550437644127896,0.041338741400693935,336501.3432537359
358,0.04269921880736146,0.016110783691146914,0.027227420102066982,0.027260245061132005,0.030995799009205256,0.03483624726372767,-420765.81255857355
359,0.024491212804623137,0.03161012500574312,0.01670556334793778,0.042948312484671534,0.006114476860140933,0.04630910981374317,-67572.90241669271
360,0.012210250038294413,0.04563359176277681,0.04619372497492532,0.0013008701775785005,0.04180998754788877,0.003837021327984863,276594.08725116204
361,0.04216614428809895,0.04891022153822807,0.037249576288984426,0.009731410580246114,0.00019470731905663063,0.022262835276802034,827326.5547977742
362,0.038233361428099986,0.03812950459813204,0.02403038154711533,0.016717961335869613,0.008299645574351366,0.022554508040195317,294732.61501640733
363,0.022822609725713584,0.012011313807450158,0.03224095971796453,0.020118544158609194,0.038383051634937077,0.04465651530350162,-163913.66696319703
364,0.014466006805116727,0.012890420485117722,0.02929806870480274,0.032628362588354096,0.006220519436326195,0.014769539735492533,-762519.2799597536
365,0.02049911941125216,0.010942830439731611,0.04080280083764156,0.045665914841613996,0.004436724650394458,0.020342791969541325,-273979.63628660946
366,0.043028495964718805,0.008384975983889048,0.00037535163999999344,0.047125230961674064,0.047533242073474286,0.020560158852444624,-678661.2178654154
367,0.016806498426468686,0.03987554178403763,0.04195869331171623,0.03336984440493987,0.02283727991769995,0.03767302697181709,602325.7640694273
368,0.006916453505802462,0.03871679505915256,0.0057852083654714725,0.0015790665346499255,0.007207857446067923,0.030709940177179963,-1337037.6508504315
369,0.019503129507826462,0.049930475750595796,0.00962954116154549,0.01162761312215318,0.033302614963457426,0.01756114637306492,-442459.38309123035
370,0.007698179128881322,0.021140016627339678,0.030983426298493072,0.04433227790639108,0.04096296927799933,0.02464189000343911,-691008.6745553238
371,0.04664503912066267,0.049041057276651714,0.003482031829569732,0.03864475435474289,0.01355689431175452,0.02471298884059313,-516147.3315400596
372,0.0068998758673952665,0.0395368986947997,0.013531607613543023,0.00987410259316391,0.0430443084260497,0.041153380828420745,-1191177.4734894405
373,0.044242452975318036,0.03317266286145434,0.005592240119033859,0.04510748342045007,0.04387384906121297,0.04797981310297474,-504686.4567486823
374,0.04162646424620036,0.008817819000403793,0.02117476973398269,0.011416811581596298,0.04659121453976578,0.028560659567599886,-464575.37705940695
375,0.0276092464279665,0.025038307454013916,0.03430814578075752,0.02112475419590761,0.028018694798393654,0.01713011783251389,427339.14595166757
376,0.032634336743462763,0.049602100276402744,0.0499710954612094,0.014427650348047605,0.01206571689887644,0.004121399472856341,1481020.67919695
377,0.025822970131782048,0.0047599543480431996,0.03639216494843592,0.024828244857359374,0.04438808378569437,0.031507598463719234,-425455.1887876415
378,0.04883320391082946,0.01591631938145102,0.02306044429187869,0.026048781637788676,0.021429645912545828,0.0232200813158596,-407773.2078061761
379,0.021238846240772796,0.002570957727846468,0.03361322156117224,0.010463867378597547,0.04114679385965486,0.009919148164076403,-666282.841778355
380,0.01766688475342339,0.039373193731575114,0.04160600376409931,0.03583113783636565,0.03799925057480763,0.028743452101386714,642274.6345472039
381,0.041061539329892274,0.020833299901994007,0.016077284112044978,0.04314631874774143,0.014552517622532502,0.044080861062143165,-316729.8028282476
382,0.03744103898335274,0.04006947169213615,0.02456287231956831,0.03647052297996521,0.03993749138808804,0.033228985476365706,314140.36319144245
383,0.044651550976815155,0.007195434803927914,0.04395343898294801,0.04231715084949847,0.0496549431358818,0.021008142726231933,-254214.20155007302
384,0.004804761648594064,0.007676276102730695,0.02669200066369802,0.04069578418547852,0.03722898797590168,0.0226435082856009,-971017.078234058
385,0.0033759240093707513,0.002640355070005518,2.5937208285276016e-05,0.0463474499866256,0.019721296478629736,0.02827329581381188,-1204831.9494645575
386,0.02181583298471316,0.03873119406461149,0.0017419175139957834,0.005297117849548078,0.011288759703313313,0.04203480852668803,-787059.6525547147
387,0.03261288032329277,0.04115636587080933,0.008400042428893556,0.019827636141442367,0.01970420447076291,0.012299050909531012,-400313.83333243517
388,0.007343186741070213,0.04304004868102681,0.04115623049750474,0.02458051671487272,0.040290848067531124,0.04475820588868698,-211377.56950882837
389,0.026947088313209345,0.040959993964699015,0.004637803871224738,0.0035057216022091942,0.028741036562005773,0.02336366839461673,-621417.9335869175
390,0.019724075896937723,0.03688987780531865,0.01287259796619817,0.030714092523578918,0.02236378434541346,0.01993224104267076,-421677.61043829133
391,0.03761644572167764,0.025208930219540696,0.03751329939741166,0.02359403562147447,0.029099956437820707,0.02504916055158884,314476.57662512566
392,0.02323398189286648,0.01839521701109088,0.010959460823931616,0.02360722255103231,0.04089176549790404,0.03728239956189289,-494339.2073041989
393,0.010418967071750752,0.0375745405285698,0.0059455174016980255,0.01706892470905964,0.040028855875766024,0.04268253345022501,-1019236.08695578
394,0.004299117505547257,0.008814568251106509,0.008767325572696095,0.007674610268709525,0.02913412308653794,0.014265599679960689,-1343348.4305693104
395,0.04115538114034499,0.01992533117371062,0.049519422868024125,0.036958616096336126,0.011939266467934162,0.033570176208651596,82958.60298846503
396,0.00686056288953062,0.03267699128468217,0.022436475360062533,0.012756232802881696,0.02555718817149716,0.047432323395809606,-696640.3389281227
397,0.0196459088348537,0.04375420995270412,0.048779782291419986,0.019065376922821727,0.04378692429816039,0.04934722906019473,990851.5990968904
398,0.04364294793870894,0.009615033951756653,0.011039896060446704,0.043742542440258166,0.008293301486167142,0.04098291097675816,-426017.5234479414
399,0.03280369395475317,0.014454179081909586,0.036736256539029,0.0016074697550280627,0.019665094184965395,0.043536668665893195,65066.54377882831
400,0.028321032540482235,0.027545438424520147,0.04142734624193929,0.03443761063799599,0.026637021366893904,0.019393201254131028,440142.5123079922
401,0.03552663858713389,0.001328888249864585,0.0024729568573007843,0.04061484732351431,0.03547792019741105,0.02342026598078367,-696193.7855355549
402,0.030077922622800787,0.024309603781113777,0.01300923276714957,0.04462421686048299,0.01149740089093162,0.008519575457931245,-174018.03601884897
403,0.020932804365740083,0.03789551593664303,0.0413305742328965,0.03214018821667908,0.04859971713508852,0.012362828665338516,400749.85927462
404,0.02806115339450221,0.01926847404285515,0.013534838074755352,0.012483518946691325,0.006974942398109496,0.04302817776368161,-166312.0855031504
405,0.026095923538462674,0.015737480928219052,0.028204756852361148,0.011319877020566705,0.02515892633624439,0.04954362390011023,-298536.57646488294
406,0.03383261912548188,0.003303960545969742,5.3373251137361915e-05,0.0006070450461021781,0.027824304525539707,0.025614452135247292,-697088.6608543006
407,0.010613856942037148,0.044725574885939055,0.03231453816142796,0.04037236882050774,0.01776407697763885,0.02051706794495208,-92260.65557898043
408,0.008598017596851143,0.04451319809118094,0.023497797014367,0.008396899029943184,0.03704076158178934,0.039235445459407416,-806149.6460881729
409,0.023804587833933036,0.04677709719213276,0.002974334609167001,0.006833166038941513,0.019672853699416088,0.04464524976813415,-520837.4667542325
410,0.010758913731435928,0.029288566257736123,0.009774325479100204,0.00013536368378935792,0.014937953531131615,0.027752114252627386,-769887.0576348475
411,0.03397635046044789,0.01070461446683601,0.004957848529940717,0.016704692982997666,0.013602259458883471,0.023001874245160633,-671484.6326287275
412,0.010349257982041988,0.021136701713603115,0.008806914958653994,0.009076155405484688,0.026481262047974193,0.0353347960656613,-1026086.4433169529
413,0.006734601246167366,0.04301409431094705,0.016019860179865394,0.02876474763142511,0.004655466542926545,0.04222043070827866,-760343.4500594487
414,0.01803793432591268,0.002763520475061382,0.01786848117510271,0.00874889187437441,0.03824060003055643,0.01802825553879252,-553539.9350481419
415,0.013240358866078984,0.03052425336708943,0.010269514883620335,0.03913806740280512,0.01031364517026729,0.00933310518477149,-627589.2362200605
416,0.04441827265314203,0.04648333104597776,0.00499155285883951,0.024851292310874115,0.0016468007349180248,0.01126486693911667,-429589.22565196175
417,0.005370147814428861,0.005766321905549399,0.0309784628155156,0.03620061260921741,0.04186917391527128,0.0040392681968905225,-979087.7509826275
418,0.006098448210481145,0.04261911589651332,0.03771357574689463,0.04410388547190522,0.03987586020265896,0.04348421478534827,-655235.49508325
419,0.04099044291190121,0.026303026344301046,0.04983386057595768,0.034921427728941995,0.03370765336469824,0.02625466166724319,602838.1600187536
420,0.0022087551472080636,0.02006324820930567,0.01619683344688181,0.032639361224565754,0.04595548322833026,0.005026100070835421,-1426528.3366664692
421,0.047432274935632054,0.028843047924879645,0.04030954827223626,0.01578822389230456,0.0036227486797935915,0.04724025859720193,557030.4038785708
422,0.008517059682925944,0.04893170719502195,0.02493197734381576,0.0222632732999694,0.03376722353380942,0.042056003225216076,-707218.1851217251
423,0.024683603813532292,0.04854423642728689,0.019036618060857255,0.04955001240382443,0.008089122889613288,0.03997563028591144,68840.19153431425
424,0.01987625122774965,0.029237635140246833,0.006402630527389347,0.04437114490683682,0.002443768842543781,0.037704528009278676,-441426.0493588771
425,0.016054281320592747,0.009660416122256528,0.0051641739553524805,0.017736266059827515,0.0324298395735216,0.02570240980194324,-756689.7886057299
426,0.04330723031655101,0.029466558306373805,0.01793363957639556,0.012987112604331847,0.006761068100199302,0.005847361654460415,-353667.8963338398
427,0.020433468868335643,0.021575950184367733,0.03165745910723547,0.0051661428854245855,0.03188950200672889,0.017570542569976904,-196060.52517964054
428,0.04633846957444967,0.04663898098284913,0.019574598976533172,0.010831671910293623,0.034594254635295155,0.03434247828832334,-318297.1181565622
429,0.01646312297988848,0.022552325009262755,0.02839671152142463,0.026958414617849886,0.04674789084329255,0.019270711572071067,-461476.6565856347
430,0.023090895572487415,0.03293767049083505,0.027719951168988184,0.04179314856346465,0.003756970396609816,0.03699155470192522,88903.44152563323
431,0.016035777334703804,0.01728654028813163,0.018929639377986546,0.0494223706915965,0.042329910814390845,0.02898323596550297,-380772.6883421068
432,0.004731988412469435,0.008303131620698656,0.03615569010726931,0.031338303216358034,0.01766447747184734,0.033974260912905195,-964596.3695603341
433,0.019454835576104,0.010726948628007183,0.028133620528742867,0.03851976915906635,0.049911424055892696,0.02462314585002165,-526326.0487813848
434,0.03777697712367137,0.01287111811726857,0.04133949409618723,0.003065203288672114,0.029792897536549262,0.00595120749910843,-279880.44553837494
435,0.04637524298125248,0.029869726453692038,0.03344738294957898,0.012238252177805505,0.016438995565286864,0.03655149365742053,205600.19709212382
436,0.002628799516152769,0.047275994551095324,0.01962423671324719,0.009190406193925027,0.008287647342117626,0.0022482121249413735,-1250949.0318165207
437,0.046195020027271494,0.02894887623751213,0.0002309399421663805,0.043661996817694046,0.03467527121780303,0.0019973232808813248,-697221.7706542184
438,0.0019270999661717858,0.0340209402834961,0.028133400691596658,0.001414615281905729,0.027933714823752804,0.014126720064335553,-1191802.2000444646
439,0.0013266218603037172,0.03717299806111927,0.042607266853459086,0.02983631752159644,0.021730208784048268,0.04616562811551273,-1049201.4114172477
440,0.024820874121965417,0.02328787201786275,0.0002736554417313741,0.014390450748068396,0.03395726842194468,0.00270271558092996,-619311.0872958831
441,0.03933248562467997,0.016535803337305272,0.04393818098912698,0.04779302670944627,0.04903787339541761,0.03695373145082062,7659.450035941575
442,0.01865302937790265,0.02825389553153528,0.013517089409966376,0.02326062357817866,0.010999671966363068,0.04062581701239824,-430448.98563026753
443,0.008029415629245935,0.0387453951690664,0.02482952394231408,0.03681770485735111,0.011097701978047454,0.022560764707863286,-745282.4163595352
444,0.026824396187612537,0.04827079767408678,0.04817899561110769,0.023139946890839255,0.04132052749863546,0.03419223421670383,1553895.84844785
445,0.042782106085120175,0.009380464638251679,0.029713634715079,0.032158377177002755,0.03249137112816392,0.013523503969123947,-295897.0647463288
446,0.043907371232776875,0.018723196822446886,0.005055308296779248,0.018585562991476703,0.002283114271835307,0.03934705679060619,-611114.0739500102
447,0.040548145111996094,0.024088177568108583,0.02821963401795893,0.021649910758490695,0.02191191785437868,0.012267813246681337,297173.1708754687
448,0.049107214815892225,0.030360571524703606,0.02124896928330507,0.010471364072971445,0.029391096478451464,0.011627650760183789,-272449.3094504873
449,0.01849921839235989,0.02088096463270228,0.005919954158933438,0.0032104425782732205,0.03837537079904492,0.0188234717203183,-532505.2096230945
450,0.03973752792087859,0.04188584290935206,0.014219856728670445,0.019011779194965224,0.021565914075789568,0.04075224117040469,-339819.36645136063
451,0.015189830920497206,0.043716712816740666,0.001198517776397773,0.01604184479699086,0.037901810562891804,0.046977242038977164,-711221.2106519778
452,0.026022872188361384,0.023183785734075053,0.03450633847892299,0.03304340979623997,0.021584054058851235,0.037389486157333236,65125.093148160064
453,0.008169585007472724,0.033416537039757686,0.018836700393743824,0.022894868487569275,0.020721363555407043,0.026264158178634162,-836666.9229538724
454,0.030935738908482103,0.002004750493638796,0.02308635985922547,0.015886116740464692,0.00521251081400006,0.02074260027630826,-514294.25625076756
455,0.026112544699118608,0.010716320142749331,0.006981182708956035,0.006192844056465097,0.020522073677772337,0.027846686060672518,-675688.9967422776
456,0.00942371515061507,0.017207053903167402,0.004840507465248573,0.04653555906028234,0.0018111165522651795,0.03107292032509721,-799491.3582954974
457,0.047365989786480225,0.020249703074790865,0.04044848012533745,0.022886759332503864,0.0010130564102069585,0.01247740879693602,68052.77401219899
458,0.04872085615544233,0.0040367640001369555,0.032583473396749704,0.005924262617740078,0.010839707286572237,0.01372851217304591,-401666.56597224396
459,0.0435704543370607,0.031711721698336415,0.021451306067870636,0.020065316769109817,0.026451969674444516,4.949969631930507e-05,-152934.99322296982
460,0.021553817881896916,0.0017949443003679455,0.026730037564463766,0.00809346803143704,0.004678319280440035,0.027483669963137187,-557522.5092285183
461,0.04967714983934238,0.047935376298596705,0.0020199614421081593,0.016453743520063492,0.027419886801735904,0.011091165108733892,-657240.5219082696
462,0.03528985018147441,0.01508824333484654,0.04514945767030684,0.0012114677043792432,0.047068345063512346,0.0054154060594497015,65706.49287623515
463,0.002255737285463927,0.04679370510055403,0.04187378718938885,0.006342937398085841,0.007327341325507025,0.04906382619966364,-694720.0958328175
464,0.005875219112630076,0.0029912168658649597,0.041735383216346796,0.030883012008499806,0.03051449758519253,0.04933491007592648,-1340090.1270605668
465,0.007787883548728969,0.026744907648793528,0.04578724289393548,0.004421938463732739,0.04872504462711446,0.010200657327702046,-695743.0760205758
466,0.02837240567746617,0.019861665073641205,0.02225080274269961,0.031153575178101772,0.021004178265139586,0.019197590673858914,-112860.70645693371
467,0.003155858535193551,0.04843761606807995,0.01553270925405414,0.04656216642397313,0.007461386422012823,0.049853450553812184,-1029292.9227424121
468,0.009468174583642693,0.014302365092019764,0.04821865974457395,0.01895625305457743,0.03243874519442772,0.04839533657416801,-752583.6850710645
469,0.004714302674400351,0.04336515202505907,0.03539219472007239,0.002880052518948739,0.04614321814625953,0.028390569267717165,-791583.3061774095
470,0.04150095895795141,0.04879487701839482,0.04210773277584359,0.03521984394887261,0.007459209194317418,0.026669371541551613,1279718.2088992677
471,0.047169117563892644,0.006346762839545989,0.039789428258348504,0.03367568573626219,0.022812365369384094,0.007749258905302836,-424133.62979455007
472,0.02728378470405239,0.027174779753993034,0.044946078816025685,0.012205953754278832,0.04271963954967493,0.001723549641638139,455247.00447308517
473,0.04859019093233557,0.03524191615215905,0.0241469194735892,0.03544310392204062,0.04996950182572635,0.0003741498053383308,-77019.67384942532
474,0.022820192895092267,0.019317072861159093,0.018079951478633133,0.008052284140996997,0.03370721504465673,0.0029995417292674135,-359967.0495950543
475,0.01957534208422157,0.004487661762559764,0.003871804263021911,0.029489499192792947,0.03420000517805281,0.02940731740570351,-895983.3822538041
476,0.038993492193615586,0.022303644646011308,0.04653422442723103,0.01825923515105336,0.03486411479933195,0.029714721400691025,446756.5446492421
477,0.030611050429697625,0.0017587991092209876,0.007876167065873975,0.010381858604695988,0.02815677717925549,0.044095360856946375,-540496.7491277826
478,0.01029098965065038,0.048786801219483034,0.010935211307581745,0.0333416642845225,0.023589575369692358,0.01607920514347256,-680985.6520653235
479,0.025787783814402568,0.04680884658200981,0.04885963649571787,0.004294310471878643,0.012231356637951435,0.0005593376543438444,1422082.0236040684
480,0.011818021769177229,0.0024558821875020065,0.007680091626887925,0.049331295876248224,0.011124112606436998,0.040743797134268636,-935151.5375923252
481,0.0031664239351279046,0.00975621205461682,0.028428485735186772,0.00843224409024893,0.014180057480278696,0.020913865961418338,-1344169.4870932957
482,0.04562243981478209,0.026860944184717003,0.031299477834954036,0.016220283207080254,0.039917540637993056,0.04788467040077116,140725.82196319813
483,0.010093362580477057,0.04002918103369251,0.03088944542527916,0.04376472418254243,0.007678893347387828,0.038834433817464514,-220570.91253984752
484,0.04320684145963624,0.04744215535028921,0.017395038787829616,0.007397345665235572,0.04566905532810507,0.025893928783428923,34307.020103822244
485,0.0045289529267719675,0.011296447895839124,0.02189207828379186,0.016819054402835338,0.00785127486670964,0.0005904544089502307,-1082064.7454215016
486,0.04728468259122367,0.018915491118670764,0.0385386606832685,0.012397349583044238,0.0457010031640656,0.03986310961361138,-43641.48822681939
487,0.02702383460853775,0.009140438521548827,0.01603670594767258,0.04848968538753598,0.005038076056068652,0.029608937175283474,-331196.028159683
488,0.032659594251140935,0.03364266973424467,0.02173798734045231,0.012857523701538831,0.027147085288620372,0.016022744278172758,135888.80774240431
489,0.011432280133105733,0.03609533897563382,0.008443652080635739,0.014173277512167876,0.028692265101229877,0.009165908093477016,-673314.4961409377
490,0.046833484593256335,0.009395178951823836,0.0053656181416260225,0.023456671848605844,0.03254061325220174,0.0064091036591402036,-519023.91737848776
491,0.024882385118268943,0.025977479905484702,0.025409645738912242,0.046529713543845205,0.02528623497270624,0.04097639859421712,216535.8253341979
492,0.021833374466941974,0.04974074464148042,0.024314030633529094,0.032695271531053165,0.03550004706112728,0.0358065470496419,338467.9957588571
493,0.02389732903699155,0.021088303135728067,0.0033412877350731452,0.04375499485307363,0.030680271752346208,0.013910857586069482,-479319.7100341368
494,0.029647831557480804,0.011398388611159122,0.0318804490114525,0.004975482143272859,0.030312530972507076,0.0033176401885290532,-189307.77024699247
495,0.002541673097423858,0.04906935506265009,0.02345025395063361,0.01206467258447651,0.003035359230095586,0.027444379450328356,-1103814.8508263556
496,0.04483776857953492,0.023778058661646742,0.003016540928711087,0.008016906247143402,0.030520365971673666,0.03954325654316338,-620915.057282552
497,0.04111067730469035,0.032409186483356715,0.03908785237869726,0.04109403603859312,0.015477175406881372,0.027447726634724803,712545.0026598941
498,0.021408493175443667,0.031896837212332246,0.042811450189830375,0.02815053800431795,0.023644359107708332,0.032755694571238246,290257.9792654927
499,0.03155327214359437,0.017383681741795165,0.033126479718309995,0.010504356191176678,0.04896216197933972,0.004903991354546622,-15711.318748857106
