,m1,m2,m3,profits
0,0.03869780242779817,0.021943921987602616,0.04292989599556912,-2018952.5672301443
1,0.0348684014529682,0.004708867394382477,0.0487811175818378,-1784384.0429966187
2,0.03805698509951765,0.039303215263847696,0.006405681633777294,-1663764.0710153899
3,0.022519296894778357,0.018539901211629062,0.04633824944243009,-2265716.8822869794
4,0.03219325600403323,0.0411380806635415,0.022170709941366558,-2039844.2297938892
5,0.011361936089238845,0.027729239350791742,0.0031908628052087665,-2094230.1974016328
6,0.04138155859962911,0.03158321995610324,0.037904387004268694,-1690012.0192982566
7,0.01772629840649342,0.048534901219745165,0.04465605606610989,-2071009.831362245
8,0.03891917485368809,0.00973193539259838,0.02333605018635171,-1965332.6284299595
9,0.002190188289361439,0.007714474603377392,0.034152447662122734,-2174035.919762591
10,0.03723810779539086,0.048375486621710505,0.0162912679069076,-2259025.315096903
11,0.018522985301743445,0.023477790563790398,0.009473567954214286,-1784041.455309266
12,0.006496075266773583,0.02378524631129669,0.011345467452544207,-2139670.088994912
13,0.033490699734125516,0.02185759594361654,0.041633909802891875,-1918248.9666559817
14,0.03501325510011246,0.015618332069102054,0.041612990069760054,-1777382.3490605494
15,0.040238217874840096,0.019373918951508723,0.014416405196512206,-2077629.4250099042
16,0.03412477519874878,0.006987624180465491,0.009995410123755417,-1790740.787692453
17,0.00036811348755027564,0.03934621887510692,0.03324254282960161,-2167490.5383997224
18,0.035258268931316755,0.039036451551098396,0.022945788776916998,-2015816.4794682192
19,0.028437059797644687,0.006989849906382873,0.005726503676798673,-2089189.1987390716
20,0.03342014808952359,0.02355481030715663,0.028261805324059443,-2073821.3800012874
21,0.03824994287080128,0.03173591600002954,0.02767897003289979,-1874440.8130036816
22,0.027960358037270677,0.01519750490313061,0.0015408917283969703,-2017366.995456841
23,0.02183586946161812,0.01072923364097646,0.02042643218623181,-2123920.4039414297
24,0.04267015366340831,0.011696974293267038,0.002915137084453301,-2113487.4589147945
25,0.014069194601099828,0.01467968788833418,0.03309582573634475,-2430305.5344823343
26,0.027851607617063918,0.039194910455320676,0.03321567701636938,-1914340.5252996709
27,0.02031934307200353,0.04070101923330174,0.008348645995385196,-1974835.1376679428
28,0.001135603656693024,0.004502393038782088,0.03611796752982251,-2123071.3538969387
29,0.02309386151256937,0.00806358895168009,0.02505223875516818,-1770744.902176336
30,0.007615605135658421,0.034816018753886804,0.022307813778701537,-2148705.140165888
31,0.019051061304824125,0.015075604457393827,0.031514129655944426,-2026975.6262885444
32,0.018090630527669523,0.00438249596580505,0.005900295106025766,-2062464.8469807645
33,0.04809488322747573,0.04542903453538036,0.03498535669053748,-1985480.811420239
34,0.01329349807297598,0.0484588188673862,0.038937545198289736,-2140588.1105721793
35,0.03584450945794978,0.022468075107189435,0.013612078092257951,-1998624.7078000775
36,0.004819548107674965,0.04513011982719209,0.022788814491680555,-2102201.691589884
37,0.010118168239761516,0.015297831207532626,0.0289609784470948,-2166919.961081796
38,0.008838639146961586,0.04283071420461878,0.03792597649176051,-2113356.5823462494
39,0.03597314779754684,0.021604651988755188,0.03136544203512216,-2201833.5045501995
40,0.02920489844563678,0.032492330077741,0.004222216056994454,-2083146.8333334818
41,0.020790370108530482,0.002080708693094624,0.024699540962225947,-2158435.544536868
42,0.016493060616639268,0.007226209443302345,0.0051701483861275824,-2185030.1542920447
43,0.029382228608885605,0.008529648426844305,0.04625600591883986,-1778496.230399506
44,0.02905305698501975,0.017343490226741854,0.02954577457407084,-2118434.9288611077
45,0.001140193551484875,0.04792796066207227,0.02411517184714501,-2321801.546010312
46,0.039136761362514316,0.004136499996121929,0.024332916541908018,-1945570.3185024129
47,0.024535349717726047,0.046891322748749145,0.02858640261880377,-2178260.2641371526
48,0.02367447005284769,0.01334878315459468,0.01657844986712761,-1670344.0401150666
49,0.026033620123576892,0.021945573015252337,0.0010806039940165213,-1885066.6029855227
50,0.04131459620971789,0.04480803859198834,0.007012454449930539,-1744684.339600463
51,0.027701807176952472,0.005428787056772178,0.03361200465199059,-1839651.018636463
52,0.014061689191950416,0.03297113173459509,0.03634973071434413,-2311179.6148321372
53,0.038432374595882855,0.005387047297794829,0.0458005922568804,-1917709.5881967603
54,0.01151069954474404,0.001870627808808989,0.02774262346957417,-2165488.570860179
55,0.018546114193121938,0.04148948715662066,0.040412573603215096,-2019107.6282079525
56,0.015856944641135767,0.047644969753487254,0.014545891907005932,-2004717.7198472084
57,0.02575285646158573,0.012798254528380138,0.046802178502448166,-2022212.903106486
58,0.008230390879100907,0.0022455309696164496,0.021754853000151897,-2101011.9133826355
59,0.049618778202791855,0.0445838633127457,0.037430400972847465,-1996877.1848406575
60,0.044539624543926244,0.04467233198489316,0.025942918019322456,-1881912.8970551398
61,0.01579645259153965,0.038600621605549404,0.033083063158388056,-2107072.75596733
62,0.018682886443685504,0.0047233334030757634,0.0373394805674513,-1837782.7893766176
63,0.013123025796143235,0.046840657526688964,0.012048528750284239,-1876655.9978555657
64,0.0061378966205743015,0.04155563360624531,0.007664215831224702,-2303051.4241169346
65,0.008963415407886954,0.029969139576042178,0.043728102041873225,-2152385.9598607663
66,0.009821733285728662,0.01551618364500474,0.03887024191205888,-2115640.4694840643
67,0.04859132130304837,0.025037059310117116,0.007194875127562539,-1806925.4371313788
68,0.0006968143854100773,0.011482801499942763,0.006591110889326052,-2365430.259001946
69,0.03388293368064287,0.0060916252314265566,0.02531649658103165,-1981174.6729063739
70,0.03471312178214433,0.02905583046104512,0.009988782583002882,-2031165.6947011258
71,0.040206226309113136,0.035770356480790085,0.03694920019577709,-2054967.103808311
72,0.006552887577865663,0.0061876901825172305,0.04637812755032539,-2266344.982662661
73,0.019878909691247032,0.015047434589046988,0.024429202267576666,-1860975.6089060213
74,0.03314321063817912,0.0477811628523485,0.01432231134410275,-2069275.7911956746
75,0.04624042146560136,0.0012429745693128158,0.027759902116341235,-1659467.2636913282
76,0.03169875558405426,0.005294870187537665,0.007016979853195632,-1839359.8615410689
77,0.02095571596581519,0.048311595607159086,0.029802127661718643,-2276023.604404078
78,0.046651161080010564,0.04021804578064854,0.023369080077764576,-1984167.8036953828
79,0.039238172462609376,0.0008918391988493868,0.0054571998382867476,-2325124.517290335
80,0.04147143074413682,0.03984085441625809,0.011632037098321685,-1991008.3786201468
81,0.026538479529952676,0.030300791035000548,0.04338694768880056,-2211109.6518045603
82,0.030155357866936284,0.020628578463684016,0.018709202170359134,-1912608.4886035356
83,0.021294104318675497,0.03259655127899871,0.04337453158761625,-1969711.1198953623
84,0.02269484410381499,0.012391978147567907,0.011833118149879057,-1892199.8142424454
85,0.037300714012172324,0.040828438171195525,0.005263903992706248,-1861087.3430260692
86,0.003327942847758908,0.02972168318782259,0.007308662209634914,-2262178.4393078457
87,0.04123320952281707,0.015516733696203723,0.0071935966485571325,-1790620.8792884974
88,0.04604852362437251,0.008276586136763908,0.014236004116896779,-1761385.9161353332
89,0.007680669759602932,0.0057745031832677485,0.0010574008168220018,-1999913.8241192633
90,0.0027697704582130057,0.008732073546792635,0.0026690966313587697,-2108070.3047084403
91,0.029557190805548562,0.03403572633997532,0.019681522841601413,-1990229.9621320122
92,0.01589955484760247,0.025226311851111505,0.04375024711173043,-2315863.2314601075
93,0.0425565813411103,0.0021737531006395974,0.009074920479826205,-1665184.980833488
94,0.011837243555219801,0.012469378791610593,0.028561632587138636,-2234155.040382172
95,0.020813121285159615,0.0024627059963796996,0.01868070692297858,-1949339.9535557528
96,0.026187647435881863,0.005083595145185799,0.041672927689427985,-2020990.2310582004
97,0.002598093323255213,0.046242093450903105,0.0049556570789937755,-2245941.0562941562
98,0.04217874757988764,0.045132657196380856,0.04897853402932964,-2058604.3221079868
99,0.04010129401367968,0.038973877038566446,0.03212416379977739,-2037041.8852333876
100,0.038949817728906454,0.006727610420657355,0.026803401797381866,-1725329.7974323106
101,0.025711143509520723,0.04287860720612788,0.023139968279675793,-2189250.4670880423
102,0.019254474805017675,0.031978163561855504,0.013323165875042304,-2128273.7148892507
103,0.006988420547697844,0.02389386370118729,0.020844468429744252,-2308799.346140733
104,0.011628497026443686,0.018375590505756403,0.01831962249131237,-2035279.7791206897
105,0.016374778220627273,0.01897320398634645,0.03428716727279727,-2085466.9546619349
106,0.014843823728564265,0.047442896335767024,0.045817400976908895,-2294887.6715970207
107,0.02404552141500393,0.01641806025023444,0.02677173949150016,-1901844.2105304543
108,0.04242802443868123,0.032629367028005105,0.04021959139735387,-1881283.443494648
109,0.02663611380328701,0.031645881463381036,0.014407780709123087,-1912218.532428911
110,0.03674465811551454,0.010120229656285918,0.034739906440924916,-1847620.3354060287
111,0.04303595341629471,0.006605141865077197,0.030718987027095992,-1897947.104429985
112,0.004754787411496731,0.03628578141357135,0.004224660941176012,-2090355.6053303126
113,0.0467969911350313,0.0068703965018901084,0.047944012295454023,-1878506.4293710447
114,0.040044208804254834,0.029684100223317706,0.039131205231477346,-1955185.5914631616
115,0.039755741949154294,0.04730135314086652,0.01266916769195936,-1928288.6211114242
116,0.02950379476791546,0.0047524598782200615,0.030808285001206068,-1916886.666341307
117,0.00856456520463944,0.028247530573622094,0.028621525701692487,-2339339.4396972503
118,0.023299257649061367,0.02613158877565614,0.0381961695003294,-2208546.3952054414
119,0.039962235825603334,0.024607660778771457,0.029979672076130615,-1754509.8446555105
120,0.046561811784505094,0.005986679425056141,0.005855178295005526,-1853192.335761544
121,0.004385450595538421,0.032893164252026395,0.020930415039518976,-2189063.998787019
122,0.03871607080709216,0.033561570665429634,0.016681887916411908,-2034968.7125677937
123,0.04491832736807679,0.03812660735353262,0.013526747045508786,-1782929.0313335687
124,0.0182096008886027,0.015721999010213147,0.007880582431249982,-2096087.31547723
125,0.007389168627109583,0.046806373168787205,0.021895201859937666,-2118310.3029666827
126,0.019165991138870492,0.0364842854338689,0.027649653262645,-2032345.524475397
127,0.04680699934192312,0.03901507469546961,0.02396847820622702,-1919823.3582624807
128,0.01881797367404131,0.049331577246216105,0.035888011800182175,-2028951.2387528336
129,0.04755973300019206,0.005923928860852069,0.04252668395953913,-1906382.1619679553
130,0.03185369419956038,0.006096083916755629,0.029412899998461035,-1932391.0249478337
131,0.03430481825527244,0.000615134294430142,0.02271589809208733,-1789274.2333761256
132,0.04126997555981606,0.014767951267204494,0.022927404089927557,-1954911.2167085558
133,0.02211570635339466,0.01509636957212458,0.045922094775777716,-2007410.902837855
134,0.0390647017715758,0.005529420549805525,0.04985173289187866,-2198024.6230714037
135,0.04396000121538726,0.01419542189320195,0.041844828983046915,-1779250.6143853085
136,0.005320976593569143,0.049955236523711935,0.03328423680532685,-2261891.9185175677
137,0.03250625077793985,0.004522036349206638,0.044851669944831266,-1884007.919151624
138,0.0014499751602234713,0.012041402902057352,0.0071510937583317506,-2105144.620997625
139,0.03883839703461093,0.009910211360644895,0.04553191135654427,-1743674.9573437606
140,0.03281345196637451,0.001808135524734811,0.00027149170643502306,-2077446.6730416103
141,0.0025828958507199463,0.030296258882386386,0.040074090542970765,-2342093.9241101085
142,0.011927641031369424,0.04247044214615365,0.0028615970076630195,-2095712.145881811
143,0.040048192682083816,0.04638977150861402,0.03860541995521903,-2076238.4146043472
144,0.034906039198931864,0.041899010932769154,0.002007564977353321,-1824482.5660416938
145,0.01008910553595277,0.006246183965282154,0.025226549509649327,-2000488.2485014198
146,0.03725940641644223,0.031500592228819936,0.042556554988096754,-1960351.3765911295
147,0.007760649622054545,0.03673105459675808,0.009652074543445206,-2195448.9650309887
148,0.013537937565890014,0.035495234864065195,0.04901023924493409,-2227037.3074990585
149,0.03057718029885348,0.00272501574956478,0.030815448496376643,-1914951.8602980988
150,0.002117527579008355,0.04420728556834086,0.03547891425503104,-2267088.996096454
151,0.008656392321125162,0.004586050291209904,0.00917666144401595,-2226153.8916004747
152,0.04900135897770963,0.02292803212292449,0.0392040474170704,-1739384.854675591
153,0.03182041710538885,0.02862065749793187,0.007256512733252485,-1978350.9252587336
154,0.04730122267790476,0.015067131625735898,0.02890086079037711,-1687166.4981829608
155,0.034988797229453306,0.03246165776226544,0.047029720484775925,-1914570.4704767223
156,0.0074219494960029,0.025417636922347105,0.0202017195370383,-1956761.7025268585
157,0.023708436474130908,0.005960876309887231,0.006704730493638267,-2033875.5165155793
158,0.01390377728906287,0.015235230188041566,0.0213951606840675,-1988573.3952143553
159,0.030549377351831414,0.03173145587091315,0.020590544829278513,-2244751.1483894535
160,0.020439155471434857,0.0108814263348481,0.029415312420450413,-1988615.5595853003
161,0.015852045565861894,0.0018029917138681851,0.02092000220784302,-2022685.5242287216
162,0.023706633754508516,0.01127964341021055,0.028622896656105786,-1985179.5631427527
163,0.028288595021596048,0.03510010905551857,0.0323974241100605,-1991572.492729347
164,0.03262165282605158,0.015810707591202157,0.039371611099297696,-1927882.7683314173
165,0.027457219179983974,0.021570909758994505,0.031300624047052854,-2137233.944079609
166,0.018032866722512714,0.025636962230337915,0.03683528442411101,-2361603.8677352085
167,0.04432014433618539,0.046052859864759585,0.025181646259154963,-1721958.8902681374
168,0.026013755737028455,0.03999352053819183,0.015722534587210065,-2089230.8668606011
169,0.04186911811725343,0.024707082325871172,0.00579283621676342,-2026509.4230033173
170,0.003602957353647185,0.04209966055197316,0.002778395845343895,-2170658.0313065457
171,0.014030571806682796,0.016706502025077292,0.00864972225957969,-2064280.0424246916
172,0.015694668490099463,0.037134628336254284,0.0007341421780035385,-2067972.4955844118
173,0.04135867122603432,0.04282740117872791,0.018613078659577408,-2106903.7399563524
174,0.007680644953031741,0.030042020397254045,0.005983627793244717,-2261284.5246295957
175,0.018245968053912626,0.047921459045048624,0.04977322362918186,-2171872.29073646
176,0.038605244567729284,0.01554807549603831,0.034383252458304626,-1922533.9421848652
177,0.035270318274200636,0.01939208475818249,0.03204443172930797,-1743631.296651131
178,0.0005363822487838122,0.010452882930112074,0.02625441514836306,-2166314.182082748
179,0.008187565212914794,0.008295343393826681,0.0418152145275119,-1972725.7927741366
180,0.049456650134180276,0.02779847140142242,0.04195348654408568,-1789109.12276273
181,0.04951608321631363,0.007079794428438735,0.022412280662717554,-1722181.0272859416
182,0.019628635792095995,0.004002464182309251,0.037766508639737226,-2182167.1669092597
183,0.021688951366129652,0.023466346709520067,0.00753364869066201,-1655021.1741571182
184,0.009046332611543407,0.045355181107810755,0.002232454448713944,-1904010.0137590538
185,0.011642614247185313,0.014602966515726418,0.02450987712007932,-2325425.26790564
186,0.0293222586507398,0.02466449879253333,0.0042057667278441015,-1820334.9391808277
187,0.012183372702785678,0.04217941923812706,0.03187943502392295,-2239095.3895052825
188,0.03245745250671372,0.03351016276756775,0.03814515095197646,-1975251.0863126675
189,0.002905424086072367,0.01833041924663062,0.026976371763083935,-2298283.9253617628
190,0.0169228241648663,0.04222394366435933,0.024128625429364697,-2050574.7771763029
191,0.03843137947296896,0.042600775844058456,0.025239574145174904,-1916963.4455765353
192,0.045477612193567496,0.02935619702684903,0.04251371494168609,-1530420.224260698
193,0.017029539779576216,0.024940847926574264,0.026570552050228888,-2026516.5806772988
194,0.00524898579480353,0.019927625335077033,0.04586688362758381,-2219544.129376094
195,0.031541612018237124,0.008875329121848375,0.01694278178048025,-1866407.405335519
196,0.009580150483134993,0.001241156589928627,0.04637302292520134,-2328264.680587022
197,0.022410366412843576,0.015376753621039308,0.029923859577886833,-1932697.855747639
198,0.00036572281465078186,0.013901105330040693,0.03515167328494463,-2204627.448062174
199,0.03168848865346315,0.04909029737712678,0.031017885482902203,-2115846.750092546
200,0.02387529368138664,0.038071628159200385,0.04516639359820265,-2060267.2182013313
201,0.03603479733591758,0.04816056117746898,0.03910025853690886,-2101331.8796006455
202,0.04334007191309633,0.0057052035591818595,0.036620675149689384,-1734030.9752572335
203,0.022004434976368434,0.027655190120563763,0.03270512047411784,-2168862.4734152444
204,0.048490755835278475,0.04922890407158123,0.014411412274395264,-2002684.7482528894
205,0.03668767487189581,0.03749917689676343,0.01732464306565244,-2018801.7194099561
206,0.006193488743211051,0.002047348014285988,0.03886715637645893,-2424915.0501930933
207,0.024484987090845296,0.04927700847474631,0.023248672809682652,-2110686.8945862665
208,0.04889584895369201,0.020578800109702994,0.039684107527998634,-2008396.0849352172
209,0.004240963615591603,0.027773085506888198,0.04010298934928622,-2247760.6237092144
210,0.04623508336099444,0.041129154530871584,0.0018485363600587114,-1779788.075471278
211,0.01863511706533671,0.0024349236156925636,0.0054641145557279,-1872210.250481088
212,0.033765281433374206,0.03566290981558491,0.038686034137581315,-2249983.671512384
213,0.04327282740278315,0.036971573423825496,0.04004357960533161,-1951056.177741501
214,0.0024481854911639622,0.01172675752206493,0.03109488866876229,-1899540.1058828973
215,0.042906265231241164,0.00022500624698295615,0.02573146710581749,-1661539.3366875749
216,0.033864369968219864,0.0014803644564306607,0.020067777877669397,-2028116.152109656
217,0.044781744069184844,0.033580640442792936,0.011882918168029867,-1680545.3384413586
218,0.04263905648159563,0.017401571170475718,0.04266723355720298,-1734174.1773580986
219,0.014947182555945277,0.02951601254415745,0.019847003387391704,-2098936.6509146052
220,0.013741252537753351,0.04432787810859346,0.009379684096974567,-1929847.183922099
221,0.004240579561788155,0.01709634692728302,0.03588195738207838,-2013543.0730841707
222,0.04037158029881409,0.04993716850333824,0.014818102850558247,-2100082.9131475035
223,0.02039709755656411,0.006841063901481315,0.02874359648115168,-1661403.7309246357
224,0.049879001863145866,0.035044050506032924,0.02976064202066859,-2000531.1557770364
225,0.019618454646089703,0.045764938014277744,0.024845829806517474,-2060525.0263019574
226,0.006718345665653075,0.018268923159956676,0.003358333442388345,-2265089.139629495
227,0.01009895188443908,0.0008834390499956103,0.022663995825008172,-2093232.5868032621
228,0.03172701324758986,0.01716462311894539,0.021019088575263856,-1878646.186599443
229,0.0479604636422288,0.03759815607874578,0.027042831847247564,-2038048.0699805967
230,0.014227043755591263,0.044849839938649765,0.011754855844032975,-2121679.4761272003
231,0.016267136525833854,0.045453240721147425,0.02647710276425362,-2174240.264476869
232,0.037115897470898836,0.029537239708188306,0.03267196045047476,-1990435.6100712433
233,0.01496916457574128,0.012068603081333146,0.016124617358433263,-1967889.64060989
234,0.0077720782041711236,0.043715718264540376,0.014162346662505704,-2158435.533394805
235,0.028074469720719232,0.0395987212570687,0.039191205468785684,-2166636.652209096
236,0.021919312929209647,0.023812865429336284,0.049735087446751244,-1881398.996510413
237,0.0337298738489512,0.040731922155894135,0.045127698460961596,-2220516.5586086526
238,0.039379491811466966,0.00925896724767838,0.028108536686878613,-1543416.203966564
239,0.005094707865727244,0.03264610632819992,0.047767471409390555,-2351294.932132489
240,0.025636603215005566,0.02164862464338836,0.001792137570908159,-2040678.2406903652
241,0.04798872611646102,0.00515013420650794,0.002053954665242347,-1794068.626779104
242,0.012303330575246924,0.0032765216959191215,0.02275589212058812,-2007194.1063237987
243,0.02580439006285562,0.015628497451429198,0.002548024128744303,-1938434.3069135656
244,0.005580018412461335,0.019225218899496407,0.0030264225413268067,-2069155.3447896207
245,0.03490948628049567,0.0103510270762406,0.015103578439181926,-1940846.6462178251
246,0.019706288858904877,0.020830481653457397,8.303538374002662e-05,-2157776.354365498
247,0.005603518549934877,0.04313822818704391,6.16531255954067e-05,-1895085.9673938437
248,0.025408367790643756,0.024475100325360405,0.016654708050531892,-2128828.9425268453
249,0.021566351007322484,0.03902905687632922,0.04206018531074782,-1973464.9569258199
250,0.013017427170762503,0.01612452204838649,0.012124142651416637,-1996708.2244689248
251,0.02399317002755326,0.034162917882940645,0.011412643773171027,-2169996.310897613
252,0.016536787102743335,0.04651923087945753,0.0024284644923479037,-2244549.1383453934
253,0.023038480261978314,0.035577902079838894,0.007522700577873704,-1903374.7766724702
254,0.0023687010002740928,0.006910268581926538,0.04594115967653414,-2392061.7706266358
255,0.0004629890910561707,0.009416098740567591,0.0015641756450822275,-2357531.281428865
256,0.005531473378110163,0.031007464331414814,0.012081945436954289,-2080875.338078927
257,0.028460602521533842,0.02950976913830631,0.04247176665448896,-1913110.0319471287
258,0.00023706964559369603,0.04266847296711834,0.030955954321348702,-2113445.263123001
259,0.00813717430524788,0.038646869406764206,0.04277457708952929,-2262050.738107178
260,0.012713174187707866,0.045939684045134044,0.022722871514932894,-2211996.158154703
261,0.030171222716666075,0.04923247668088218,0.018076803931959966,-2109363.363337521
262,0.040657967291005646,0.015919955891422984,0.03996067611207455,-1924343.274325752
263,0.030036695943132127,0.010817784761270072,0.02070130468946182,-1579027.2270777868
264,0.015881781718178084,0.003905419654018194,0.0014917385049848743,-2194261.230889998
265,0.017323932770359048,0.000951707390874329,0.008274387879088753,-1812552.167458655
266,0.03625916604254344,0.035404561784179396,0.036929019322869135,-1843540.9663449014
267,0.015857658556498937,0.04450097285588478,0.02969152740142238,-2222183.4707295285
268,0.006301317087331327,0.007185933072776707,0.03465477134648508,-2402657.8571634647
269,0.008647196822103903,0.025364635079102166,0.04958872379643554,-2058710.947320405
270,0.00020038023666697492,0.0008289900948778462,0.04965422909652533,-2181952.799909979
271,0.029231941706708276,0.006345498775925657,0.04486510998770468,-1945285.6159665312
272,0.04401901500638461,0.026810020655568763,0.031089601493037827,-2092804.0420911137
273,0.013659359575043818,0.0025259848186002577,0.02972838044454322,-2077198.1226338292
274,0.01473775966013815,0.033181052333017595,0.041812258842130065,-2118074.9309026334
275,0.000908027195718203,0.029785688734286372,0.011564026984342612,-2317419.4929740205
276,0.04369442489519007,0.012683225328091425,0.030538506661770916,-1770559.2616851395
277,0.027677042004480575,0.019808325002962448,0.033881038179989706,-1899975.32151788
278,0.0362884817357717,0.028346889765969344,0.03792111185923771,-1842930.0094671792
279,0.049170853799646884,0.020963619395040257,0.025729152594276546,-1719056.7036755455
280,0.0006234938970606619,0.039801427815518924,0.026011503352299695,-2466612.9691313417
281,0.020398071518028263,0.004703598154469791,0.044482821083769865,-2089109.0788749012
282,0.019750362002027823,0.03412907991046102,0.0074687078184075386,-1903142.349183594
283,0.048077481477051626,0.008922088091091546,0.00997709964497452,-1732915.2100179037
284,0.04294914302788569,0.04562913720709656,0.010607370376165071,-2154256.7392391423
285,0.023490044408741396,0.03667474522814149,0.043918286690540084,-2081021.573918144
286,0.01895263475186526,0.025850974342471463,0.037085820525986746,-2136895.5550199025
287,0.03655679883263977,0.03914800650130425,0.02849669093207632,-1916409.3611654937
288,0.005230754840238761,0.045198664543902006,0.04327862696605141,-2060558.4636675701
289,0.03990487179091665,0.004993123858036475,0.01021986835407146,-2119891.6478658705
290,0.0371800182553826,0.001157004729097322,0.04896123168536398,-1873788.42139659
291,0.01885723401778404,0.03596562668454118,0.04437855442440217,-1892269.1884665755
292,0.019731494407504116,0.0159566244299833,0.030437056444912337,-2125806.612331681
293,0.029049468687402536,0.02045699888123986,0.030088737793385424,-2163708.4509235583
294,0.04676906847832474,0.023382012831329825,0.009837109037531567,-1835975.9242241974
295,0.018860299144150196,0.019705349129655932,0.006555434651310994,-1793951.240579674
296,0.008143575027727746,0.03422810366968387,0.016973887710445137,-2225579.7910521133
297,0.04774491959279038,0.012179837267930371,0.004946225255241116,-1672510.8383287052
298,0.037675228150012896,0.0440518025958935,0.013905667843574394,-1750327.8229730441
299,0.0101044050822739,0.009288306743554358,0.026100615068325617,-2199571.750850068
300,0.02342083206233855,0.012971991992726712,0.0022586558494713193,-1867487.9643328644
301,0.02407456701631404,0.04796661738178042,0.03262596003763316,-2020926.7018007343
302,0.024775327831430924,0.0055346037014808065,0.012621814527479364,-1889012.7372238403
303,0.014738697478727136,0.03824017763036172,0.043835539863230966,-2063782.4219460217
304,0.045082092678321924,0.04922843041253771,0.04911833415522662,-2124577.3337942567
305,0.04764995663839908,0.0035911070251442192,0.00688967679639026,-1630958.7071892165
306,0.015223326323801646,0.027644912703223074,0.004848894435273966,-2052101.2540022526
307,0.042289847890107125,0.030837808953865453,0.02711822011511025,-2062147.2760868631
308,0.008265566168364559,0.012662773720009868,0.008015601249112903,-2098804.9218402538
309,0.04259665788973993,0.02921139300306091,0.03675647137598167,-1729700.6672715785
310,0.014801643145501288,0.01856263185441386,0.02024274822132669,-2025118.5537839597
311,0.038000748587201746,0.03861764938372841,0.010340676375701586,-1883286.9243249376
312,0.04707694283690495,0.00603276687218432,0.04480610412118152,-2033984.8565536845
313,0.0050197822824904655,0.013226990557565555,0.04232392680339785,-2149905.8829698176
314,0.008974603617304372,0.020678396565498493,0.02249296499720631,-1955339.9491928222
315,0.012262948651160482,0.03551226006679933,0.0425667324701102,-2188261.2400837014
316,0.04372875699277859,0.01696610728682805,0.026542519714390724,-1500032.1260766278
317,0.012420320193282576,0.012239825077507272,0.008062703142596207,-2075425.0855096558
318,0.04700095054037574,0.044399441430279,0.03886793566638461,-1831381.0251704655
319,0.025883076064386452,0.024530395775593596,0.0264872833091249,-1826192.8301548914
320,0.026828400678854464,0.021728154234884518,0.0065877416446033735,-1804130.1048329866
321,0.0062831926434268,0.047612485792284165,0.02410153797931753,-2349982.6010711477
322,0.04766027624525945,0.008178843885505499,0.027720827601996678,-1846959.316091809
323,0.010385862667576962,0.012659230306330078,0.0015027289380589394,-2200533.0442283894
324,0.005947665537010566,0.04584242038145979,0.016076649574116586,-2270223.250984195
325,0.03040646059572958,0.023250706599463652,0.020022562262263916,-1896631.3047454094
326,0.02659430456730341,0.009361947230767076,0.04943019492597883,-1909723.9007385422
327,0.040915393435193154,0.03708073163657576,0.023437964850697626,-1776227.883057159
328,0.007643856106316799,0.04603329291367839,0.017069353369086382,-2144184.5063713
329,0.0025053344848466885,0.017120183840531433,0.03972285152479422,-2294006.385012574
330,0.03113543724941041,0.037541929237242984,0.039681769193118874,-2008647.9783769748
331,0.01059773055402713,0.04618916580465901,0.02189948014601863,-1966892.8290454883
332,0.03195068246320823,0.00011543862933710015,0.0496684249205589,-2056515.2963363037
333,0.014044819298207757,0.003103155327007762,0.0229131020768257,-1787036.8970228815
334,0.006451502859102088,0.007616335507878786,0.03161414065151051,-2416556.9849979864
335,0.019646369578511666,0.04609262250774976,0.015957824730403504,-1937138.3507609956
336,0.03630900641919506,0.02305497150774538,0.032997565056463944,-2094784.0863631377
337,0.029984767835799522,0.023639198637949912,0.04750305473122186,-2163580.3929901407
338,0.017135682137747795,0.008861775062463629,0.033904703043991416,-2080211.0410623
339,0.04230037806539544,0.002012686996996188,0.02248163442113403,-2096977.0776891315
340,0.044624384484366314,0.037480930946143375,0.049590385824881414,-1807195.735651469
341,0.02657069057986219,0.03299978594005756,0.015124014056896408,-2072505.2739604402
342,0.047376779983299616,0.018316774427826817,0.03692553563433143,-1910983.9019052547
343,0.020157010205954097,0.028090946503149968,0.035989126751077315,-2145677.4542531795
344,0.025446707587567716,0.04535431634547543,0.020965049396390514,-1708618.0599322317
345,0.03235358990716626,0.017118121665002706,0.020407833411550655,-2010198.120234803
346,0.02200250541167762,0.0062903509156142625,0.004586183952950335,-1977279.8402798902
347,0.033374496157337896,0.032775886917152615,0.03314548571050476,-1990348.3269245967
348,0.0009883222671345838,0.016327342133588996,0.009890492362959847,-2138911.2429799554
349,0.03890757112720062,0.04303152006980651,0.012334018861307368,-1776111.7136591058
350,0.03339245794239932,0.006468140172913722,0.013757626280085667,-2054777.3727012172
351,0.0069327248116709764,0.014176038329961461,0.0337368273674639,-2309222.8844043165
352,0.045516345509262625,0.010126120396209299,0.02710395174753596,-2006453.8322264408
353,0.03506955506217162,0.04764612342427829,0.030503024144358695,-2176203.3298282665
354,0.012755346551369035,0.031273907845696815,0.016024558083900808,-2270930.9797508176
355,0.048806419534585394,0.019983806758181843,0.03427138603805071,-1918446.0729856389
356,0.001161379117337924,0.02000307230673777,0.04375538066612558,-2283605.5945593207
357,0.030511372221662295,0.022197144319798818,0.0467968749717863,-2076474.0395639732
358,0.04269921880736146,0.016110783691146914,0.027227420102066982,-1771486.0715313256
359,0.024491212804623137,0.03161012500574312,0.01670556334793778,-2006754.2347185041
360,0.012210250038294413,0.04563359176277681,0.04619372497492532,-1890080.1782737053
361,0.04216614428809895,0.04891022153822807,0.037249576288984426,-2025070.3577123538
362,0.038233361428099986,0.03812950459813204,0.02403038154711533,-1937019.954654856
363,0.022822609725713584,0.012011313807450158,0.03224095971796453,-2130955.6285430416
364,0.014466006805116727,0.012890420485117722,0.02929806870480274,-2241522.4436363694
365,0.02049911941125216,0.010942830439731611,0.04080280083764156,-2210666.4815880074
366,0.043028495964718805,0.008384975983889048,0.00037535163999999344,-1772342.4304055055
367,0.016806498426468686,0.03987554178403763,0.04195869331171623,-2167304.4871028895
368,0.006916453505802462,0.03871679505915256,0.0057852083654714725,-1986866.7699971648
369,0.019503129507826462,0.049930475750595796,0.00962954116154549,-1891425.4793019993
370,0.007698179128881322,0.021140016627339678,0.030983426298493072,-2310450.26803237
371,0.04664503912066267,0.049041057276651714,0.003482031829569732,-1724721.0315439072
372,0.0068998758673952665,0.0395368986947997,0.013531607613543023,-2330566.7353460146
373,0.044242452975318036,0.03317266286145434,0.005592240119033859,-1721324.5116824263
374,0.04162646424620036,0.008817819000403793,0.02117476973398269,-1584585.183539998
375,0.0276092464279665,0.025038307454013916,0.03430814578075752,-2187167.017112165
376,0.032634336743462763,0.049602100276402744,0.0499710954612094,-2026456.2074994866
377,0.025822970131782048,0.0047599543480431996,0.03639216494843592,-2080545.7465186443
378,0.04883320391082946,0.01591631938145102,0.02306044429187869,-1837266.5478623617
379,0.021238846240772796,0.002570957727846468,0.03361322156117224,-1838675.7434512083
380,0.01766688475342339,0.039373193731575114,0.04160600376409931,-1979941.616955428
381,0.041061539329892274,0.020833299901994007,0.016077284112044978,-1964725.6533382926
382,0.03744103898335274,0.04006947169213615,0.02456287231956831,-1852377.7620028523
383,0.044651550976815155,0.007195434803927914,0.04395343898294801,-1933819.4210321808
384,0.004804761648594064,0.007676276102730695,0.02669200066369802,-2314139.449682957
385,0.0033759240093707513,0.002640355070005518,2.5937208285276016e-05,-2217494.768839817
386,0.02181583298471316,0.03873119406461149,0.0017419175139957834,-2078150.3487072284
387,0.03261288032329277,0.04115636587080933,0.008400042428893556,-2043565.4432195218
388,0.007343186741070213,0.04304004868102681,0.04115623049750474,-2188905.9709352446
389,0.026947088313209345,0.040959993964699015,0.004637803871224738,-2200077.525146997
390,0.019724075896937723,0.03688987780531865,0.01287259796619817,-2210368.5303081283
391,0.03761644572167764,0.025208930219540696,0.03751329939741166,-2116718.1025210856
392,0.02323398189286648,0.01839521701109088,0.010959460823931616,-1959933.854443847
393,0.010418967071750752,0.0375745405285698,0.0059455174016980255,-2083784.6995256534
394,0.004299117505547257,0.008814568251106509,0.008767325572696095,-2330524.912021043
395,0.04115538114034499,0.01992533117371062,0.049519422868024125,-1829305.5944154977
396,0.00686056288953062,0.03267699128468217,0.022436475360062533,-2170791.489530681
397,0.0196459088348537,0.04375420995270412,0.048779782291419986,-1966116.0918823015
398,0.04364294793870894,0.009615033951756653,0.011039896060446704,-2043145.1219370838
399,0.03280369395475317,0.014454179081909586,0.036736256539029,-1893746.1215809186
400,0.028321032540482235,0.027545438424520147,0.04142734624193929,-1868873.5256370092
401,0.03552663858713389,0.001328888249864585,0.0024729568573007843,-1751709.650208634
402,0.030077922622800787,0.024309603781113777,0.01300923276714957,-2038244.9299496305
403,0.020932804365740083,0.03789551593664303,0.0413305742328965,-2124712.592695092
404,0.02806115339450221,0.01926847404285515,0.013534838074755352,-1979050.1953360622
405,0.026095923538462674,0.015737480928219052,0.028204756852361148,-2001506.2790686004
406,0.03383261912548188,0.003303960545969742,5.3373251137361915e-05,-2040628.922421974
407,0.010613856942037148,0.044725574885939055,0.03231453816142796,-2110218.9786474365
408,0.008598017596851143,0.04451319809118094,0.023497797014367,-2235245.776746558
409,0.023804587833933036,0.04677709719213276,0.002974334609167001,-1646314.6360383404
410,0.010758913731435928,0.029288566257736123,0.009774325479100204,-2013334.2009350862
411,0.03397635046044789,0.01070461446683601,0.004957848529940717,-2043386.009818483
412,0.010349257982041988,0.021136701713603115,0.008806914958653994,-1739177.3107462057
413,0.006734601246167366,0.04301409431094705,0.016019860179865394,-2217084.008155367
414,0.01803793432591268,0.002763520475061382,0.01786848117510271,-1826545.656531785
415,0.013240358866078984,0.03052425336708943,0.010269514883620335,-2021772.4270606274
416,0.04441827265314203,0.04648333104597776,0.00499155285883951,-1782303.7220595407
417,0.005370147814428861,0.005766321905549399,0.0309784628155156,-2258575.471819541
418,0.006098448210481145,0.04261911589651332,0.03771357574689463,-2176207.897262755
419,0.04099044291190121,0.026303026344301046,0.04983386057595768,-2051864.7098443506
420,0.0022087551472080636,0.02006324820930567,0.01619683344688181,-1862410.7890253386
421,0.047432274935632054,0.028843047924879645,0.04030954827223626,-1824522.3451841886
422,0.008517059682925944,0.04893170719502195,0.02493197734381576,-1963190.5140001832
423,0.024683603813532292,0.04854423642728689,0.019036618060857255,-2038225.1402616196
424,0.01987625122774965,0.029237635140246833,0.006402630527389347,-1931509.455987949
425,0.016054281320592747,0.009660416122256528,0.0051641739553524805,-2093453.6191236502
426,0.04330723031655101,0.029466558306373805,0.01793363957639556,-2084221.383366478
427,0.020433468868335643,0.021575950184367733,0.03165745910723547,-2332389.877391175
428,0.04633846957444967,0.04663898098284913,0.019574598976533172,-1909796.6948785733
429,0.01646312297988848,0.022552325009262755,0.02839671152142463,-2073330.3731525412
430,0.023090895572487415,0.03293767049083505,0.027719951168988184,-2134629.9022332598
431,0.016035777334703804,0.01728654028813163,0.018929639377986546,-1850646.2796234195
432,0.004731988412469435,0.008303131620698656,0.03615569010726931,-2004393.7362902956
433,0.019454835576104,0.010726948628007183,0.028133620528742867,-1807607.6530843333
434,0.03777697712367137,0.01287111811726857,0.04133949409618723,-1713789.407354477
435,0.04637524298125248,0.029869726453692038,0.03344738294957898,-2003815.3812989416
436,0.002628799516152769,0.047275994551095324,0.01962423671324719,-2141017.6263084323
437,0.046195020027271494,0.02894887623751213,0.0002309399421663805,-1864812.5616310576
438,0.0019270999661717858,0.0340209402834961,0.028133400691596658,-2232648.8411211045
439,0.0013266218603037172,0.03717299806111927,0.042607266853459086,-2270698.3133016946
440,0.024820874121965417,0.02328787201786275,0.0002736554417313741,-2101466.6082178913
441,0.03933248562467997,0.016535803337305272,0.04393818098912698,-1852649.6000799872
442,0.01865302937790265,0.02825389553153528,0.013517089409966376,-2264793.262610371
443,0.008029415629245935,0.0387453951690664,0.02482952394231408,-2207039.4650648437
444,0.026824396187612537,0.04827079767408678,0.04817899561110769,-2131476.414680206
445,0.042782106085120175,0.009380464638251679,0.029713634715079,-1943496.866259937
446,0.043907371232776875,0.018723196822446886,0.005055308296779248,-1675573.979919262
447,0.040548145111996094,0.024088177568108583,0.02821963401795893,-2048885.8067518594
448,0.049107214815892225,0.030360571524703606,0.02124896928330507,-1887221.9217789404
449,0.01849921839235989,0.02088096463270228,0.005919954158933438,-1900034.1339152027
450,0.03973752792087859,0.04188584290935206,0.014219856728670445,-2148767.9627601313
451,0.015189830920497206,0.043716712816740666,0.001198517776397773,-1813653.0337475801
452,0.026022872188361384,0.023183785734075053,0.03450633847892299,-1983939.2700646825
453,0.008169585007472724,0.033416537039757686,0.018836700393743824,-2166539.235259437
454,0.030935738908482103,0.002004750493638796,0.02308635985922547,-2032639.2233713074
455,0.026112544699118608,0.010716320142749331,0.006981182708956035,-2003249.7405623812
456,0.00942371515061507,0.017207053903167402,0.004840507465248573,-2044841.1608256616
457,0.047365989786480225,0.020249703074790865,0.04044848012533745,-1408954.6515105148
458,0.04872085615544233,0.0040367640001369555,0.032583473396749704,-1802655.6884526052
459,0.0435704543370607,0.031711721698336415,0.021451306067870636,-1715737.153399526
460,0.021553817881896916,0.0017949443003679455,0.026730037564463766,-2187560.8729396267
461,0.04967714983934238,0.047935376298596705,0.0020199614421081593,-1855048.518074465
462,0.03528985018147441,0.01508824333484654,0.04514945767030684,-1854659.2938964095
463,0.002255737285463927,0.04679370510055403,0.04187378718938885,-2147698.2132837013
464,0.005875219112630076,0.0029912168658649597,0.041735383216346796,-2254755.8508402235
465,0.007787883548728969,0.026744907648793528,0.04578724289393548,-2314742.3393793562
466,0.02837240567746617,0.019861665073641205,0.02225080274269961,-2120068.510922608
467,0.003155858535193551,0.04843761606807995,0.01553270925405414,-2138479.9959563455
468,0.009468174583642693,0.014302365092019764,0.04821865974457395,-2337519.2072280063
469,0.004714302674400351,0.04336515202505907,0.03539219472007239,-2248154.214701641
470,0.04150095895795141,0.04879487701839482,0.04210773277584359,-1762855.4357551243
471,0.047169117563892644,0.006346762839545989,0.039789428258348504,-1639471.5021469516
472,0.02728378470405239,0.027174779753993034,0.044946078816025685,-2088370.092579508
473,0.04859019093233557,0.03524191615215905,0.0241469194735892,-1923473.119431607
474,0.022820192895092267,0.019317072861159093,0.018079951478633133,-2092753.518760823
475,0.01957534208422157,0.004487661762559764,0.003871804263021911,-1878551.4544306267
476,0.038993492193615586,0.022303644646011308,0.04653422442723103,-2034130.582998201
477,0.030611050429697625,0.0017587991092209876,0.007876167065873975,-2059854.0634346884
478,0.01029098965065038,0.048786801219483034,0.010935211307581745,-2025681.4833259217
479,0.025787783814402568,0.04680884658200981,0.04885963649571787,-1959930.6039221757
480,0.011818021769177229,0.0024558821875020065,0.007680091626887925,-2188503.6960729025
481,0.0031664239351279046,0.00975621205461682,0.028428485735186772,-2307634.195628787
482,0.04562243981478209,0.026860944184717003,0.031299477834954036,-1924314.0705572143
483,0.010093362580477057,0.04002918103369251,0.03088944542527916,-2068881.4243522866
484,0.04320684145963624,0.04744215535028921,0.017395038787829616,-1692047.7234016957
485,0.0045289529267719675,0.011296447895839124,0.02189207828379186,-2211732.759171487
486,0.04728468259122367,0.018915491118670764,0.0385386606832685,-1588443.4332773532
487,0.02702383460853775,0.009140438521548827,0.01603670594767258,-2014161.5675033475
488,0.032659594251140935,0.03364266973424467,0.02173798734045231,-1929147.2196974487
489,0.011432280133105733,0.03609533897563382,0.008443652080635739,-2089625.5218436562
490,0.046833484593256335,0.009395178951823836,0.0053656181416260225,-1804081.818436584
491,0.024882385118268943,0.025977479905484702,0.025409645738912242,-1961569.3467034446
492,0.021833374466941974,0.04974074464148042,0.024314030633529094,-2087288.0469503358
493,0.02389732903699155,0.021088303135728067,0.0033412877350731452,-2182089.0660039308
494,0.029647831557480804,0.011398388611159122,0.0318804490114525,-1848076.2373571289
495,0.002541673097423858,0.04906935506265009,0.02345025395063361,-2367191.171028044
496,0.04483776857953492,0.023778058661646742,0.003016540928711087,-1918018.8691222188
497,0.04111067730469035,0.032409186483356715,0.03908785237869726,-1990781.2839198355
498,0.021408493175443667,0.031896837212332246,0.042811450189830375,-2424137.511190448
499,0.03155327214359437,0.017383681741795165,0.033126479718309995,-1944231.8313143589
500,0.03359270943070337,0.04802934812533125,0.018545616077083462,-2048755.7497964818
501,0.02125408837570656,0.04060614805935296,0.025288115737137063,-2214767.070136828
502,0.036828654655786656,0.022985473222679603,0.010774757090635023,-1846809.577842036
503,0.03726019213905054,0.006557758459235497,0.009929183176565404,-1794363.4565197127
504,0.03134124913921043,0.03736349000960349,0.04473439434339075,-2143234.857927046
505,0.013629324870794586,0.005536212930027718,0.047802332976131456,-2032267.9744297976
506,0.007721154401107122,0.009883349112731976,0.014566472677923287,-2196396.318922329
507,0.026469567701314374,0.044141278301703904,0.03802730113649335,-2051595.5480744967
508,0.03540787769213176,0.008759028392800183,0.01788413157629871,-1736359.3222310424
509,0.023920246304333898,0.007371297674279293,0.013671485106333627,-1812281.7237331658
510,0.015416660197642214,0.006363809916451963,0.027511984595412882,-2000865.9060705537
511,0.03525140982620965,0.0034965815738430607,0.02405615508815749,-1862776.1441636402
512,0.03911055976338976,0.03739950644762235,0.040753654810937706,-1781754.2752070276
513,0.022412031658530354,0.04102785413199304,0.012037653560713475,-1962389.0211843362
514,0.018040528070875767,0.008817778820890066,0.023374226971428592,-2113561.611737193
515,0.019603001120772165,0.01204635582071561,0.03758903546153908,-2183859.401289874
516,0.01569233860558233,0.013640216507291787,0.006544516542524754,-2247667.2827724493
517,0.021941085090097436,0.015148231441865102,0.01846364206704843,-2297997.935913653
518,0.011799863131027634,0.03815777449099503,0.04650016736773587,-2198092.8656710163
519,0.02489659263944438,0.03214992116704163,0.043358613830335305,-2064778.667502707
520,0.04994148186668293,0.03067582423649161,0.04448897332699344,-1948870.2106730766
521,0.0454304123277821,0.039572574390381116,0.023046569553655513,-1734121.4556522486
522,0.004057700021194966,0.0007902777720066923,0.02386003166414623,-2336117.2729730895
523,0.024715726676730887,0.020368119393148615,0.02840836756456823,-1964393.948900894
524,0.027608135165221356,0.04183065205163465,0.0054328551631131206,-2103155.90841911
525,0.011258883305277273,0.039650248947981526,0.042391843361182735,-1875340.9049836355
526,0.049741210681043396,0.04364560081935421,0.04449495035361656,-1865996.4296631562
527,0.015717397131495243,0.02008308170046882,0.013404255241027552,-2003740.8104956716
528,0.03031496990963578,0.046940267710351924,0.017232044325580887,-2045815.2458887142
529,0.02785008909407251,0.014814981522674254,0.008489998688635375,-1683656.1143136777
530,0.009759276490932785,0.0028972672269064973,0.047464676150462876,-2238365.6864570156
531,0.020143980425381482,0.04170604460010541,0.034066473634484555,-1987498.5429555308
532,0.00959605807055427,0.008773112328954391,0.04059941007552725,-2188306.534986108
533,0.013235585530976868,0.04566425918509879,0.007002770234474532,-1932408.0266427612
534,0.03388543072272348,0.040723693801546695,0.01176281942078225,-1800970.6723463575
535,0.013810368172828304,0.04822594430696009,0.013229880267307915,-2305512.646290511
536,0.02149785249500239,0.021625779662118306,0.012651737496484178,-2052767.3886588311
537,0.038789554321854526,0.03859246716145776,0.018915900711189284,-2105526.2057769387
538,0.04175628955403669,0.010653746719950119,0.00021528878338393232,-1985381.847920115
539,0.028558368102787054,0.04970388862261893,0.0019322154913442302,-2186885.187342332
540,0.01039990368542303,0.02594573212435421,0.04049703682224354,-2417257.8049318492
541,0.004452100253752661,0.01976173268794472,0.03735379003149432,-2153454.4507976733
542,0.018577160420318078,0.00944182102378195,0.009774791369829366,-1872049.4974227431
543,0.020502439345749714,0.02397085374029456,0.0430907208908007,-2194440.6543192556
544,0.03211262092839968,0.03452009772577507,0.04914935857679535,-2163511.2139166044
545,0.02059217201504869,0.020167720162456416,0.046167348386290614,-1908189.3192253066
546,0.012293779350252932,0.03649076231514333,0.03772865691090674,-2342902.4892923725
547,0.004889399872272155,0.023411570284679203,0.010028123566077702,-2208679.07837011
548,0.009268763640124284,0.02319140552314381,0.01447148537540325,-2173089.7543493775
549,0.039803022381293546,0.04538024456952412,0.04013603026441828,-2079195.2077729972
550,0.013301543631083263,0.01370671968443042,0.01273641750587337,-2127484.316201372
551,0.0067519048028118036,0.04718991840518556,0.02010238990785347,-2158058.7586274324
552,0.011234473727293687,0.04233355252541218,0.019959765132889523,-2070576.7856363908
553,0.001755840555483329,0.00809707851248156,0.0319625170178085,-2143557.157700212
554,0.0391452637085862,0.010546719424435648,0.045869779463307114,-1964472.2584586078
555,0.04254985600260822,0.04241903770305405,0.011383057339960707,-2074015.5309658702
556,0.0025267994325028856,0.043371176974129184,0.01529001143692837,-1866884.8172786413
557,0.030945819058676296,0.0379983441850365,0.006414662925556008,-2280409.401250692
558,0.0390419177259524,0.046925572948053294,0.03641874828732045,-2138168.8293868774
559,0.022061137424027905,0.04383390693758515,0.02637288150362795,-2062404.1140527183
560,0.03723854639083771,0.04102529719293021,0.0374676430849503,-1981229.3207663966
561,0.014392743802407699,0.005892195045291555,0.011916926468103007,-2090827.4744159703
562,0.025143746849017663,0.025263846114654792,0.02913221746572688,-2144879.3013327476
563,0.019755091877394545,0.03934456907250139,0.04565768751736039,-1966335.0484423672
564,0.012336252673973563,0.036826160885094404,0.033898592627252234,-2134822.1900721067
565,0.02615452496396575,0.009426511693708013,0.03976161292913548,-1938905.7618083914
566,0.04803131428144164,0.03609181661168067,0.0458929998312867,-2067956.4495190978
567,0.04920926324739999,0.01760253371196191,0.031911177646316846,-2022482.417028434
568,0.0236966368819039,0.049331437343161505,0.004690391200386246,-2018570.5846621506
569,0.020618745714861234,0.04377695222636181,0.014202565526325773,-2342951.5326787145
570,0.03938964253194364,0.019139158139012787,0.04899892699450792,-1965304.2252756578
571,0.04417649182118538,0.015066017883130767,0.03850965567689276,-1698135.1034310951
572,0.016842827191663436,0.030318142010776757,0.0329240384196646,-2057521.8080350256
573,0.04147977045428525,0.001222542044100744,0.011007894557614984,-1857926.1645762774
574,0.035595890529428936,0.028176161848476867,0.024780253910057157,-2067901.0724369457
575,0.002760497835399023,0.017413794173072813,0.04325501159553242,-2285705.7123638676
576,0.0015446418518016093,0.019821811768240605,0.047257414383538636,-2136782.1766644423
577,0.0025440367272507314,0.03748528755223184,0.012880630809101824,-2237748.7848339556
578,0.04333044160768362,0.037303398947968254,0.04428525854291815,-1863203.3967152329
579,0.0107962395215633,0.02656463774093025,0.038963497178740036,-2088559.1777268285
580,0.01228498714974905,0.011537315263360848,0.0013591066748792513,-1932373.6141207686
581,0.04792576469877262,0.03550084400273117,0.031778017700509247,-1804277.3281257323
582,0.03719973613474955,0.026580645934771968,0.023806691054520518,-1814033.303550973
583,0.022476612056176043,0.032021960605182066,0.01007674876961916,-2008745.4552987048
584,0.044402934750743486,0.04058761856096326,0.017478180572601695,-2030687.0125037201
585,0.02893046484062622,0.007051364997500731,0.04861731239667991,-1985283.3792379969
586,0.04514463438151418,0.046094875324960025,0.016608152385172582,-1831487.877098192
587,0.008456735369142787,0.010588608173315518,0.004500069552254494,-1975624.4900609925
588,0.006005531505069217,0.00356522670924227,0.04949115346024368,-2439256.422935973
589,0.00370288416845368,0.006627104047570682,0.041362729779536825,-1938243.1307412682
590,0.02901201083714716,0.03872086022846662,0.03154560038863275,-2017630.9802965517
591,0.044108753516447406,0.03192337638823703,0.026106254645157548,-1922041.1106038531
592,0.035637484688064984,0.022369637589605473,0.017303191145236735,-1998483.070820145
593,0.023382622622510625,0.008485705254928033,0.03982858649013457,-1859720.9676359645
594,0.013035189066797232,0.007676577316852374,0.01231761208916134,-2056807.7323770458
595,0.04210350758861199,0.01651006477988657,0.03430249347529501,-1647775.4524253935
596,0.04282048153278697,0.003887233346252106,0.03825122025890215,-1733073.68429639
597,0.015383273318951502,0.010831118209202135,0.03444507262264861,-2560901.5028901375
598,0.04548983113666169,0.01475096043561977,0.028441690269215954,-2162431.293472134
599,0.014491705692474578,0.0277142792863214,0.031093101532717028,-2101317.44850124
600,0.03051676943950899,0.031177318482137298,0.006753989610876205,-2172024.338805132
601,0.03467702347933598,0.033737517819011166,0.03412940611084416,-1819131.011206155
602,0.003703527636935317,0.02234194212070763,0.020451756602286486,-2207020.6766318856
603,0.004335574182159957,0.011118396394840536,0.022048131589901838,-2269783.0282297
604,0.03714531549290411,0.01185310384923316,0.04148749550624558,-1751078.3860293601
605,0.027289914286973173,0.038021084259230876,0.023627799166842857,-2014490.1861539863
606,0.02495971127111117,0.03098596946898201,0.046398530408291214,-2201663.87798762
607,0.0245906290706455,0.02643287690541455,0.030099848176376478,-1835900.629889271
608,0.03687575686488629,0.003592516774311716,0.025784371926098604,-1977076.8097279568
609,0.024079579460302175,0.04608424921187852,0.024675329021817058,-2096399.4148248886
610,0.02341602673471655,0.048109999426735106,0.02252882318004408,-2265425.7085539065
611,0.009044221516104517,0.010845806140289417,0.004759376916848707,-2200716.6205352764
612,2.840646294722249e-05,0.021597283050024098,0.038462129064911074,-2407040.4990404225
613,0.0366733221399918,0.0016074543901425098,0.028499145179701646,-1890083.0763938106
614,0.0077141562706738,0.04705381423823487,0.008368249982208965,-1939196.9417549043
615,0.031331960884874076,0.01631191810820284,0.03207806629821761,-1866765.5345364606
616,0.020612929823203757,0.03798215261531974,0.011533956266392892,-2084180.0981495634
617,0.04528959264571301,0.025010482465667606,0.03780465738564265,-1889865.1241234282
618,0.04248650957006136,0.04994143054774025,0.011197283279697913,-1876074.6417171725
619,0.014344620678172743,0.012521654336594412,0.013143566607989134,-2011119.4390032392
620,0.02912223707696887,0.04967612615729215,0.049513904354637726,-2153531.429499164
621,0.026338661568115387,0.03195136051323369,0.0429985271850803,-1993053.440672161
622,0.04664667292267526,0.010193031366477196,0.026427086447122647,-2202543.7084796946
623,0.041641852733075614,0.015160103831729582,0.021990452124023337,-1654662.1795949775
624,0.049281055075600405,0.04925233483604355,0.04530534053825908,-2052811.9307925433
625,0.039922417241402886,0.013456525036140289,0.016042503703359374,-1774334.9731115731
626,0.027364142060243735,0.02803886872810061,0.02527514096785335,-2118471.517120141
627,0.031833513995815306,0.020416151131649442,0.037458707865776646,-1928163.1419141793
628,0.016677496323917768,0.01653384984731763,0.0063612980945914,-1872275.2835545826
629,0.009435610501445963,0.04252604394606788,0.022314116929022076,-2261815.253815242
630,0.01139338932764169,0.037967055001119375,0.027699056290842974,-2156536.413598406
631,0.0010578005711646744,0.01581807286683576,0.008850070556067053,-2172451.874818082
632,0.03279364304914203,0.013751552031512643,0.0032473389604971816,-1848448.698337648
633,0.002746749459883463,0.029086364897935747,0.0010861727852044811,-2072460.1049921182
634,0.042439605656804436,0.007769855962863781,0.03032831675977149,-2028170.6608863156
635,0.022234401400537285,0.02214257606159513,0.0035898571180022934,-2145462.758707705
636,0.040137612510610786,0.044652624237662634,0.0005508333692114232,-2070985.9464088609
637,0.008930208784855887,0.045195209439773947,0.02747468064000291,-2231706.8723233026
638,0.007501978912410507,0.010139522630457943,0.03299931221185571,-2436692.8361512776
639,0.03624084111234365,0.029971340428996764,0.04765741899562629,-1862012.7552578019
640,0.024703180183088855,0.015013595607126335,0.023861645498789826,-1901905.7532115006
641,0.01798331468333055,0.011220794633734316,0.0022981624670070032,-2149681.7773759123
642,0.01761062467825621,0.035570467385487116,0.0009218901437596905,-2035724.5729863814
643,0.021958925660296738,0.03220047007249342,0.030520205458715362,-2131129.9223107765
644,0.0388324217944358,0.04052598578298988,0.03558529104596939,-2004382.8311782253
645,0.005139884807237472,0.023751122200218036,0.03017029787438043,-2187986.886829061
646,0.01227830194047258,0.0021275908823388257,0.011179516043802346,-2124414.121160984
647,0.022744720086631944,0.020696515952730046,0.008833349066358081,-1899377.7608506256
648,0.041220777134174644,0.04628433343683623,0.010067415952635762,-1827289.5008612603
649,0.04647864577836108,0.0008930479587590412,0.04624812363534728,-2071644.7644728813
650,0.0475964395040454,0.0006025931507962601,0.038150964838837405,-1970151.479921187
651,0.04851007862849217,0.04529511094088892,0.048535508059810654,-1857474.3815430643
652,0.02751617528488197,0.003907806994269414,0.04248945989025181,-2019293.0855431533
653,0.03069141279045058,0.030736837209414454,0.020862680492934313,-1955914.1000064567
654,0.028592098826055456,0.007678988954305727,0.03698850132830752,-1990744.1890989288
655,0.0037508653675771167,0.036489038352189605,0.042448921131242705,-2091873.1484765264
656,0.02362343387822441,0.02549151830285247,0.015610713646103913,-1949273.0962135068
657,0.04847292918627938,0.03665622372797727,0.01844942766501725,-1664527.392728777
658,0.008740369311650254,0.010978979610104567,0.023196114305502502,-2181955.7309939363
659,0.0471284200157169,0.0367073172880459,0.010762187408957492,-1647179.5015510996
660,0.042978056670944904,0.018910026150484056,0.042586109137625935,-1796580.5877383028
661,0.012084979899056547,0.03093303059681588,0.0463335244040641,-2083658.091230417
662,0.012894700457389708,0.034646329529292745,0.04936563099785719,-2292480.1889447295
663,0.007529914362150176,0.004420114535033721,0.03370975962224081,-1911958.9546474556
664,0.01698679738745152,0.003562223868329556,0.02376528089418021,-1987296.1699789513
665,0.03768853398219779,0.01425612002075944,0.016752343875256738,-1866496.6435741398
666,0.04228497003234861,0.026003595613074405,0.04213659844032361,-1879959.263306075
667,0.022319474607185474,0.04764875807800517,0.03253972948588684,-1991152.319149323
668,0.005794943265962471,0.04425464941134004,0.02446325954153989,-1897927.8751656255
669,0.00708194839864525,0.007634506692071036,0.03437669675549359,-2270867.9187670313
670,0.0023686253364744894,0.014329688245690664,0.006989379523493405,-2308862.853428546
671,0.022053871480864212,0.020717688599718065,0.026093821734442798,-2501378.1780150095
672,0.013981816455126512,0.0016021794689088599,0.03071930532675929,-2104061.039116929
673,0.018685900144117567,0.03256674993700232,0.005433348540213424,-2041281.7431163115
674,0.0006888677647025166,0.012414712394264638,0.022827366149702613,-2034402.4891178226
675,0.019703598708423364,0.040515127763673324,0.0188918822096412,-1987368.4835917617
676,0.026522058980153945,0.029675779622109613,0.0010915695822905803,-1985990.8455145198
677,0.02575666884230945,0.017241562969941893,0.021064006384162733,-1872932.9777614812
678,0.005014369924762513,0.039141028282432266,0.04712021254042613,-2371892.7749386705
679,0.0011134410314800004,0.030068638140567396,0.038192203364417907,-2373646.9592572544
680,0.014240379432494472,0.03937777924316084,0.031617752538315065,-2194439.7870699083
681,0.0464581316135535,0.04905024056768864,0.0021173056999352403,-1836060.3446073139
682,0.022246888051350312,0.02734938937891091,0.0073371616603826245,-2046930.6733503046
683,0.016814291521368086,0.04938237238782309,0.0008115228171235722,-1711192.5177963742
684,0.022625396576219203,0.042132731085909814,0.016195063135964423,-1800298.2803189177
685,0.02398992513775767,0.048902287289399,0.023743841823785194,-2006205.102399344
686,0.006546065607324953,0.002586074583319553,0.04727082862199743,-2081743.1931212533
687,0.013290470663753285,0.025203195328227547,0.00453508830449843,-1968479.2032837074
688,0.021182756027530253,0.046505275962506205,0.02512064968154692,-2033624.9678239168
689,0.0485567575901164,0.012941781861869985,0.02522726198519686,-1605508.3011072564
690,0.04297653959046627,0.02241261772768719,0.01397436867850948,-1851156.8560764065
691,0.04277376817089409,0.01949447344363045,0.026536164553011707,-1901998.1725571393
692,0.048826353320757285,0.009324164737793196,0.015070031836009285,-1864235.7814222414
693,0.0015534800034919972,0.01959188549550264,0.010009171529242978,-2340968.02634065
694,0.034001746770394574,0.009066072938292619,0.03374063762029349,-1951301.5604219055
695,0.013173771409465886,0.01776089170605999,0.017443032602319875,-2180308.572041399
696,0.03583758750818047,0.023325463156917154,0.018064944942634154,-1962177.2046311365
697,0.042631135951972494,0.028597531282060135,0.010691541063899891,-1921223.959325856
698,0.04500456390718413,0.01713251480168203,0.0019489688768660196,-1780402.6150731689
699,0.024730011198722646,0.006196902722043891,0.011923322185787129,-2058294.8173387614
700,0.037355543634370554,0.006537590668815929,0.04034721121770179,-2055581.3085592196
701,0.046845364406547685,0.030326605020397236,0.035517959601141465,-1875965.7823164067
702,0.03567933049537087,0.04964039786352225,0.017076913110081145,-1956472.8481507418
703,0.008142827562135125,0.025958361745716075,0.026662490491585412,-2167838.439971719
704,0.008895624414807225,0.030655470949706977,0.0007062366738411985,-2169441.6712233983
705,0.04638342012271108,0.013228713891063082,0.0019780104195095904,-1644256.8651514607
706,0.005412472073742853,0.012012447413982087,0.013695308430302262,-2214198.5248863357
707,0.0016404999748864336,0.013967740609686459,0.009647086824674106,-2379344.288048048
708,0.01893104637172593,0.01925838686779846,0.016950387030143954,-1975978.6518318986
709,0.016396194176535202,0.004486563887062561,0.0012602473563081086,-1942040.0283106333
710,0.01010571500782333,0.03783247137083077,0.04954048827755611,-2424067.651181546
711,0.046426308752866456,0.025210967776888433,0.02659119278889671,-1859795.7921718862
712,0.01572907845179213,0.03869697193188282,0.038237834396632434,-2368432.4402207253
713,0.04221361787912223,0.044775228859844224,0.02171746241126479,-2012175.3279422289
714,0.03834377840535988,0.04031993643979393,0.015422981124887509,-1966358.9963138285
715,0.0464621122003075,0.004717075131982773,0.04971345895816415,-1873086.1386033895
716,0.03850453590794348,0.004663545266216362,0.03281148240525003,-1747516.7412238787
717,0.001708970546413008,0.038509347472209146,0.039961146082952766,-2162496.7666996582
718,0.030120512654572384,0.04284301959582853,0.004894164010742986,-1853159.8146015678
719,0.013796192102040661,0.020708876079633527,0.002122897641404914,-1952429.8072833607
720,0.02241080437855831,0.0132606728056283,0.01963675060508765,-2288705.3465038924
721,0.021255131599615326,0.043970586674384256,0.013517048526381954,-1981565.6996013375
722,0.044687156435813606,0.021298548240642465,0.016390386034699302,-1656599.4285479828
723,0.025125602466757303,0.020887164318141985,0.012868615652757305,-2087153.7925249774
724,0.025133966239803348,0.0075900866539415635,0.017596497151148305,-1976149.590085575
725,0.02828951096870453,0.02067041221949293,0.04119561805253982,-1805794.4980302048
726,0.012836088076758312,0.04848857894155051,0.03923610104256757,-2171719.214462669
727,0.048379651299873615,0.04190682774151521,0.007105196292582133,-1965938.885452989
728,0.02632300453175069,0.008498926059789287,0.04091136763136287,-1883409.1050659765
729,0.029208107459164797,0.01317246571784529,0.04647994860035857,-2143149.825311549
730,0.005759302665713034,0.028193120173565702,0.036052027733336274,-2167564.415833495
731,0.0029424268666215893,0.02989280166031018,0.04079506077315471,-2359540.6917652218
732,0.003376365720902669,0.025612148555331355,0.012927858907437001,-2239322.4579771482
733,0.03314622257684604,0.005933868353942245,0.046852571533525345,-2094839.2028248745
734,0.04473642908573659,0.009298720993785458,0.01616329421825523,-1973938.3229794384
735,0.029381748732652153,0.035903116831712524,0.02213280075801291,-1876079.5991733326
736,0.007814566098048753,0.00520757469014358,0.049988266845717194,-2366749.252868395
737,0.022767606072174363,0.04362658745742491,0.024118800231455725,-2335705.8300959948
738,0.04611788192730017,0.00438796913857753,0.005700959566727549,-1741891.6621450076
739,0.046481609386211216,0.04737465225223925,0.015735872373268168,-1905412.0842873703
740,0.017758244349693593,0.0226225117417379,0.020808084003364542,-1980048.031933982
741,0.009502260797979833,0.04491876919696873,0.012665380035282187,-2160175.518758096
742,0.03526362047388258,0.0033577838867486446,0.0019375665764214734,-1848194.2891510944
743,0.03268652362884603,0.01695079287866302,0.032772969636000064,-2032331.3291454029
744,0.004701060108441519,0.04749256899579317,0.03742572334465477,-2121515.826251771
745,0.04381336165128996,0.006823527702225546,0.01600804844464347,-1815213.0741248587
746,0.018417208210317206,0.026858632416340927,0.014843424275370715,-2170490.2116270396
747,0.003031537109470256,0.018443919036873535,0.012727465731364108,-1983258.853956348
748,0.019296064573160743,0.009847977131001313,0.013094818728236774,-1883449.1886662245
749,0.03134761702161344,0.019407691728903255,0.017269169658474606,-2041115.791331862
750,0.026695281636118645,0.03859302704219629,0.018943397817397862,-2215085.0682471376
751,0.02937597462779203,0.048310131268408815,0.026099005705902536,-1970653.2595140757
752,0.045489878825877225,0.03968363121282135,0.0029359340825074855,-2005210.7594164405
753,0.021454943573462844,0.03491592039342941,0.049335595622409995,-2097853.2431837264
754,0.02291881455807563,0.004639272706336972,0.02810045873564339,-2104007.5975335613
755,0.006328189606198015,0.03757597801396967,0.025383849873088893,-2219234.499009725
756,0.036171568418864326,0.043468091343926187,0.03144740085813886,-1894625.4881092657
757,0.030621966462659078,0.03772851477198157,0.04212275007263337,-2016495.2600488812
758,0.043452689313850136,0.0018215097841441652,0.027809514839889467,-1674762.9283395873
759,0.010813465489877572,0.043017294539089174,0.03241988426016806,-2201000.668785525
760,0.02101112395162191,0.009405211406067565,0.016951181295991324,-2071080.8556098526
761,0.035188884727011226,0.010217977260581941,0.004679147266918637,-1966328.5286906408
762,0.04440143791137755,0.03821051747900584,0.00998974653290663,-1722354.6012412957
763,0.014615577171499583,0.04860350885654429,0.03540922433795587,-1933332.8512147458
764,0.03052610021069124,0.015381424271206518,0.014956257208326114,-2020347.9992356882
765,0.0019761809345115234,0.036424093345096574,0.002158761252844227,-1994925.560813397
766,0.00024286688886395182,0.03647475439304896,0.04744368785745627,-2157384.4783954406
767,0.037825152386365524,0.023582009531218934,0.02430226247804365,-2025557.8133585837
768,0.02180682113245527,0.016232183355516683,0.026085710709292012,-2057576.0825721903
769,0.021557547857055756,0.029908394002038735,0.04490600402505473,-1877955.4978522153
770,0.04975047086619052,0.003937164494145856,0.01923417363306707,-1931764.9378122415
771,0.009035309788340473,0.017606023696276684,0.01437365092742115,-2201710.332557482
772,0.008726856581339416,0.038203802671064525,0.024814437141461795,-2266967.8933851565
773,0.04596227911086129,0.0016296221623507247,0.0033489006565994963,-1801320.3900085995
774,0.020163679146517205,0.004013866020201856,0.013136479820741676,-1952804.4032466887
775,0.04930148715383118,0.010447980374230705,0.009905887070604536,-1664593.8370115343
776,0.028682033439785454,0.024899914539657838,0.02902191486014224,-2047427.3290492548
777,0.018836763910427337,0.041338117994747355,0.006929027572123142,-2021427.3325629863
778,0.021419632292073283,0.03448809242220435,0.043411822014144986,-2200145.8322559386
779,0.018478580317837886,0.02838727995468764,0.0034569972503630756,-2087387.3327086517
780,0.008515954405591447,0.0034569081233057244,0.036394044599926095,-2019625.9516448483
781,0.014402998436107034,0.036187264509591886,0.003319913952163728,-1889994.6975579301
782,0.043127390020416274,0.041776509905554586,0.0044464371525141325,-2082928.2068931325
783,0.001187825322859326,0.002814440649099559,0.0426815086573367,-2353650.3581261574
784,0.011735174452594789,0.027413665892909434,0.021312210159002837,-2029002.4056854735
785,0.0397762763114301,0.02444491507353353,0.025033042033063488,-1758897.4132621966
786,0.04945459697499512,0.007506477837462855,0.04153519693729657,-2010259.5558750343
787,0.0025874872801942396,0.02388243847864854,0.04431674119665118,-2157324.2101651113
788,0.033260698280206065,0.034260730968306646,0.013165864112824277,-1986395.5880278738
789,0.020928739568072716,0.018329053174952526,0.026072160507899712,-2102834.877810395
790,0.02311139650718341,0.016344917593849467,0.015274030618558504,-1983212.5228224983
791,0.012542644582756108,0.01825236234423792,0.007497073896703033,-2047137.3449192874
792,0.043605215100178694,0.030105969591671368,0.006689321279692773,-1786568.8412782627
793,0.03469296671045007,0.04238332339989866,0.011876783602612946,-1865232.7387790633
794,0.007530029716863196,0.00043086285668760276,0.0023625169428242556,-2163087.460494863
795,0.03811256741517558,0.049359316602084695,0.00224401612381383,-1945180.2274981143
796,0.037403547953994636,0.003593108292048003,0.029606641245183342,-1906991.0608378572
797,0.0378037641214119,0.017960219863386886,0.0005467360555331868,-1635718.3271805667
798,0.029759467606271295,0.04956223140700139,0.012880871141924788,-2160543.766164969
799,0.009474563859360791,0.006196294637675748,0.027762780995002807,-2246975.2330689193
800,0.02982225496801367,0.03961354185852012,0.03765366368102549,-2215675.3458867995
801,0.04462707473975436,0.04028863491711507,0.012363354153972224,-2026134.660180465
802,0.027793870243788057,0.014870597954679,0.016489268977575123,-1954441.9529469665
803,0.04659721846149982,0.034094795253353676,0.048729520662555294,-1912285.0674118008
804,0.020845626835937228,0.02687187866769883,0.024355770995821088,-2156212.5465216017
805,0.005364352876186346,0.011835099726330168,0.02638181803022411,-2229918.617695126
806,0.003368715256650312,0.04657309646544447,0.0061921840971685405,-2195846.491840262
807,0.009899037320845357,0.03826606119693183,0.004846727089465686,-1778446.4041745039
808,0.04501390498077047,0.03628504853612678,0.0034310428554429452,-1746091.1995412111
809,0.03459235306428265,0.031581427108565895,0.037867471636995935,-2134023.445128613
810,0.041409892624466794,0.03591752815865775,0.0293088147635486,-1869120.7430993777
811,0.016123165929088884,0.034863683091496456,0.04784857923153898,-2323125.4136322583
812,0.029376089026443716,0.03321724342171269,0.02185640210999004,-2039700.1873293312
813,0.03780604048715372,0.049883369616931794,0.008019466203386805,-1960276.5309946395
814,0.010120263975188115,0.026971887933219474,0.024068769863082914,-2311560.938759376
815,0.028578489225335943,0.002453702386213652,0.02021382281652245,-1866008.0519719538
816,0.02914891310327804,0.029259567565248137,0.03286669808841868,-2118529.1297452915
817,0.03601080145013319,0.03207736016704283,0.039512157769471756,-1987459.1975520432
818,0.031238031734229583,0.026875383126860226,0.030309821444390546,-1954301.3233125359
819,0.0050596683376666176,0.013657827036276,0.026369989032906563,-2280729.4477227507
820,0.043649360770085355,0.033952577814399656,0.0045204039235948795,-1818256.8451364362
821,0.02961374752222022,0.011086899381854948,0.03670082798943615,-1952063.9246012606
822,0.041372042625437366,0.029672813629498668,0.029568130487585487,-1615220.5600178845
823,0.016929572160540703,0.02231250105806547,0.04320541769076727,-2174018.8913438907
824,0.03616601654835783,0.025987682984792156,0.01841161931241855,-2040546.0653808857
825,0.002518986914427718,0.007150370066319256,0.009651259476968533,-2216926.3579206876
826,0.018669177162933738,0.047207182353813736,0.025257669742937434,-2121762.2997651603
827,0.011742008162961554,0.005287506873075704,0.016915276230148203,-1981005.580149711
828,0.04078653177755284,0.0191671396705254,0.03862529030112068,-1848099.777837544
829,0.04013524880634395,0.005541038484935207,0.030432987631339187,-2069464.6290795798
830,0.04795480316855554,0.020106903745177696,0.002547204450151114,-2079411.1838981803
831,0.04616513451289393,0.04418331407862415,0.026107072360450092,-1890294.3114642953
832,0.027612656017200483,0.010587055138806246,0.040972537777231866,-1981596.0399147703
833,0.024930001919606322,0.0016938897571278256,0.03415074782244989,-1890970.4952974315
834,0.047524813490135306,0.041457524517287514,0.01385990701052699,-1889270.9713448603
835,0.0026662542466670326,0.04701757062690903,0.04685313624398507,-2289876.794836008
836,0.02662076598564347,0.032115870583576754,0.023130003035540414,-2079374.0840725813
837,0.020988268354937934,0.005972421796435018,0.004837644918054801,-1909251.5307026536
838,0.011636607333809374,0.04183203732032722,0.007291615036784,-2230430.1893565
839,0.011334932595735536,0.027430702966110377,0.01075656090391372,-2282967.9184758286
840,0.008160334235889355,0.028165812084898115,0.018404663549830776,-2211348.2875436977
841,0.03130796429202346,0.04561026702043382,0.0075496565717533826,-1971841.6336645032
842,0.0456716829906532,0.04512449837114593,0.04145437916679515,-1966227.4477602297
843,0.03156429586530426,0.031007332873277373,0.03196063299682508,-2031101.0901004232
844,0.03452477756089066,0.0008241100298078508,0.04790462895803249,-2047016.610825806
845,0.029280188073278993,0.039073291970121084,0.01886409195306816,-2138930.8928223224
846,0.0006198606957897979,0.0254867329938222,0.025359505965796447,-1946030.189220794
847,0.02184946441557259,0.01698585270810384,0.012491304390486103,-2098774.3821200193
848,0.02637724372485914,0.018763906984674707,0.04849659415249044,-2438194.9970661616
849,0.008646365388346572,0.01598327838135435,0.014698023546228551,-2284158.528677531
850,0.02716545881179785,0.024964012848707397,0.03218702327121366,-1923705.4415784904
851,0.0475000885287104,0.01426105427469337,0.03463857846274983,-1774183.7680067914
852,0.0012520101502591808,0.013119423636681227,0.02318598639982964,-2094498.553508814
853,0.0015497394240567232,0.03088347302768195,0.03391553042008541,-2311368.748657662
854,0.03733658574190234,0.025828725242150616,0.030197233248931334,-1872420.9445079046
855,0.019803262563924364,0.002062651625328127,0.004997592788725653,-2147642.2669880027
856,0.032749796210073207,0.04977776497928882,0.0007901619581648089,-2204938.4530466944
857,0.02787917484131914,0.037550437644127896,0.041338741400693935,-2301312.3499090276
858,0.027260245061132005,0.030995799009205256,0.03483624726372767,-1990647.8565759633
859,0.042948312484671534,0.006114476860140933,0.04630910981374317,-1788057.3999801008
860,0.0013008701775785005,0.04180998754788877,0.003837021327984863,-2084836.9780639152
861,0.009731410580246114,0.00019470731905663063,0.022262835276802034,-2326260.2716912213
862,0.016717961335869613,0.008299645574351366,0.022554508040195317,-1934954.1294286877
863,0.020118544158609194,0.038383051634937077,0.04465651530350162,-2199648.93816111
864,0.032628362588354096,0.006220519436326195,0.014769539735492533,-1864499.435527682
865,0.045665914841613996,0.004436724650394458,0.020342791969541325,-1710652.7050298464
866,0.047125230961674064,0.047533242073474286,0.020560158852444624,-1977296.6852704203
867,0.03336984440493987,0.02283727991769995,0.03767302697181709,-1968226.1753065276
868,0.0015790665346499255,0.007207857446067923,0.030709940177179963,-2478834.578187162
869,0.01162761312215318,0.033302614963457426,0.01756114637306492,-2175766.1554627838
870,0.04433227790639108,0.04096296927799933,0.02464189000343911,-1830184.6440865453
871,0.03864475435474289,0.01355689431175452,0.02471298884059313,-1897939.8279206303
872,0.00987410259316391,0.0430443084260497,0.041153380828420745,-2289407.2483841362
873,0.04510748342045007,0.04387384906121297,0.04797981310297474,-1918195.0152019027
874,0.011416811581596298,0.04659121453976578,0.028560659567599886,-2235655.995369049
875,0.02112475419590761,0.028018694798393654,0.01713011783251389,-1842497.727194546
876,0.014427650348047605,0.01206571689887644,0.004121399472856341,-2130532.8169982787
877,0.024828244857359374,0.04438808378569437,0.031507598463719234,-2301216.732958728
878,0.026048781637788676,0.021429645912545828,0.0232200813158596,-1946789.6642406697
879,0.010463867378597547,0.04114679385965486,0.009919148164076403,-2050360.2632098272
880,0.03583113783636565,0.03799925057480763,0.028743452101386714,-1904410.9624598292
881,0.04314631874774143,0.014552517622532502,0.044080861062143165,-1989480.9111256266
882,0.03647052297996521,0.03993749138808804,0.033228985476365706,-2031374.2706841421
883,0.04231715084949847,0.0496549431358818,0.021008142726231933,-2011832.6240088576
884,0.04069578418547852,0.03722898797590168,0.0226435082856009,-1897200.708008631
885,0.0463474499866256,0.019721296478629736,0.02827329581381188,-1701599.186949719
886,0.005297117849548078,0.011288759703313313,0.04203480852668803,-2346394.8019402428
887,0.019827636141442367,0.01970420447076291,0.012299050909531012,-2171527.0784084094
888,0.02458051671487272,0.040290848067531124,0.04475820588868698,-2141934.2449900024
889,0.0035057216022091942,0.028741036562005773,0.02336366839461673,-2281417.7998703984
890,0.030714092523578918,0.02236378434541346,0.01993224104267076,-1945280.675976007
891,0.02359403562147447,0.029099956437820707,0.02504916055158884,-1822014.2295592097
892,0.02360722255103231,0.04089176549790404,0.03728239956189289,-2222950.0845254217
893,0.01706892470905964,0.040028855875766024,0.04268253345022501,-2451799.3744440847
894,0.007674610268709525,0.02913412308653794,0.014265599679960689,-2000797.5806307646
895,0.036958616096336126,0.011939266467934162,0.033570176208651596,-2049484.4489572144
896,0.012756232802881696,0.02555718817149716,0.047432323395809606,-2239599.4849309237
897,0.019065376922821727,0.04378692429816039,0.04934722906019473,-2089322.2093678284
898,0.043742542440258166,0.008293301486167142,0.04098291097675816,-1930110.653321835
899,0.0016074697550280627,0.019665094184965395,0.043536668665893195,-2474704.580927832
900,0.03443761063799599,0.026637021366893904,0.019393201254131028,-2125518.6765878815
901,0.04061484732351431,0.03547792019741105,0.02342026598078367,-2065834.0940025174
902,0.04462421686048299,0.01149740089093162,0.008519575457931245,-1479521.8369030938
903,0.03214018821667908,0.04859971713508852,0.012362828665338516,-2163244.035423896
904,0.012483518946691325,0.006974942398109496,0.04302817776368161,-2195621.9387175017
905,0.011319877020566705,0.02515892633624439,0.04954362390011023,-2360205.390184087
906,0.0006070450461021781,0.027824304525539707,0.025614452135247292,-2389316.765706411
907,0.04037236882050774,0.01776407697763885,0.02051706794495208,-2058253.7209853502
908,0.008396899029943184,0.03704076158178934,0.039235445459407416,-2118096.3915425614
909,0.006833166038941513,0.019672853699416088,0.04464524976813415,-2248361.57917701
910,0.00013536368378935792,0.014937953531131615,0.027752114252627386,-2173888.1484729387
911,0.016704692982997666,0.013602259458883471,0.023001874245160633,-2210403.0648613474
912,0.009076155405484688,0.026481262047974193,0.0353347960656613,-2194522.4887646087
913,0.02876474763142511,0.004655466542926545,0.04222043070827866,-2062168.6167008542
914,0.00874889187437441,0.03824060003055643,0.01802825553879252,-1820685.7592035176
915,0.03913806740280512,0.01031364517026729,0.00933310518477149,-1646918.045552262
916,0.024851292310874115,0.0016468007349180248,0.01126486693911667,-1873024.368435512
917,0.03620061260921741,0.04186917391527128,0.0040392681968905225,-2042547.0986354442
918,0.04410388547190522,0.03987586020265896,0.04348421478534827,-1943597.05094153
919,0.034921427728941995,0.03370765336469824,0.02625466166724319,-1957926.8449638642
920,0.032639361224565754,0.04595548322833026,0.005026100070835421,-1986505.339176596
921,0.01578822389230456,0.0036227486797935915,0.04724025859720193,-2281163.239443484
922,0.0222632732999694,0.03376722353380942,0.042056003225216076,-1977512.7298731946
923,0.04955001240382443,0.008089122889613288,0.03997563028591144,-1743622.4929184418
924,0.04437114490683682,0.002443768842543781,0.037704528009278676,-1777458.1106786754
925,0.017736266059827515,0.0324298395735216,0.02570240980194324,-2151063.137586187
926,0.012987112604331847,0.006761068100199302,0.005847361654460415,-2018276.208927541
927,0.0051661428854245855,0.03188950200672889,0.017570542569976904,-1996820.0598015084
928,0.010831671910293623,0.034594254635295155,0.03434247828832334,-2223745.196791558
929,0.026958414617849886,0.04674789084329255,0.019270711572071067,-2257057.851315227
930,0.04179314856346465,0.003756970396609816,0.03699155470192522,-1850586.9866919182
931,0.0494223706915965,0.042329910814390845,0.02898323596550297,-1616006.5106920318
932,0.031338303216358034,0.01766447747184734,0.033974260912905195,-1957496.2441557713
933,0.03851976915906635,0.049911424055892696,0.02462314585002165,-2079035.7210181477
934,0.003065203288672114,0.029792897536549262,0.00595120749910843,-2260381.036673152
935,0.012238252177805505,0.016438995565286864,0.03655149365742053,-2238837.932585821
936,0.009190406193925027,0.008287647342117626,0.0022482121249413735,-2399233.2499708813
937,0.043661996817694046,0.03467527121780303,0.0019973232808813248,-1775765.9181230923
938,0.001414615281905729,0.027933714823752804,0.014126720064335553,-2145945.918823715
939,0.02983631752159644,0.021730208784048268,0.04616562811551273,-1932578.4395525055
940,0.014390450748068396,0.03395726842194468,0.00270271558092996,-1992375.1415972153
941,0.04779302670944627,0.04903787339541761,0.03695373145082062,-1855386.722709815
942,0.02326062357817866,0.010999671966363068,0.04062581701239824,-2001394.6574534376
943,0.03681770485735111,0.011097701978047454,0.022560764707863286,-1789626.6209388156
944,0.023139946890839255,0.04132052749863546,0.03419223421670383,-2139677.375938923
945,0.032158377177002755,0.03249137112816392,0.013523503969123947,-1982199.9071709006
946,0.018585562991476703,0.002283114271835307,0.03934705679060619,-2088711.1537948959
947,0.021649910758490695,0.02191191785437868,0.012267813246681337,-2238863.878611337
948,0.010471364072971445,0.029391096478451464,0.011627650760183789,-2141185.8509794953
949,0.0032104425782732205,0.03837537079904492,0.0188234717203183,-2068371.9594980762
950,0.019011779194965224,0.021565914075789568,0.04075224117040469,-1990132.0896544028
951,0.01604184479699086,0.037901810562891804,0.046977242038977164,-2226802.361795854
952,0.03304340979623997,0.021584054058851235,0.037389486157333236,-1931018.8150661532
953,0.022894868487569275,0.020721363555407043,0.026264158178634162,-1982425.3713246225
954,0.015886116740464692,0.00521251081400006,0.02074260027630826,-1973042.836019696
955,0.006192844056465097,0.020522073677772337,0.027846686060672518,-2170859.0921961335
956,0.04653555906028234,0.0018111165522651795,0.03107292032509721,-1817462.9622148655
957,0.022886759332503864,0.0010130564102069585,0.01247740879693602,-1886582.4637894076
958,0.005924262617740078,0.010839707286572237,0.01372851217304591,-2236056.715968728
959,0.020065316769109817,0.026451969674444516,4.949969631930507e-05,-2150313.1110100867
960,0.00809346803143704,0.004678319280440035,0.027483669963137187,-1955399.4101598775
961,0.016453743520063492,0.027419886801735904,0.011091165108733892,-2187860.2498580567
962,0.0012114677043792432,0.047068345063512346,0.0054154060594497015,-2206864.7362440727
963,0.006342937398085841,0.007327341325507025,0.04906382619966364,-2130548.4835195797
964,0.030883012008499806,0.03051449758519253,0.04933491007592648,-2256123.6258661523
965,0.004421938463732739,0.04872504462711446,0.010200657327702046,-2351702.855450963
966,0.031153575178101772,0.021004178265139586,0.019197590673858914,-1839320.615509608
967,0.04656216642397313,0.007461386422012823,0.049853450553812184,-1933197.6645444492
968,0.01895625305457743,0.03243874519442772,0.04839533657416801,-1988401.0940941547
969,0.002880052518948739,0.04614321814625953,0.028390569267717165,-1893018.4625918716
970,0.03521984394887261,0.007459209194317418,0.026669371541551613,-1962372.4056919822
971,0.03367568573626219,0.022812365369384094,0.007749258905302836,-1977387.4843004085
972,0.012205953754278832,0.04271963954967493,0.001723549641638139,-2194591.9179381095
973,0.03544310392204062,0.04996950182572635,0.0003741498053383308,-2051554.8613975183
974,0.008052284140996997,0.03370721504465673,0.0029995417292674135,-2068575.7228873207
975,0.029489499192792947,0.03420000517805281,0.02940731740570351,-2220401.6689102477
976,0.01825923515105336,0.03486411479933195,0.029714721400691025,-2294807.7097079055
977,0.010381858604695988,0.02815677717925549,0.044095360856946375,-2079034.2766677348
978,0.0333416642845225,0.023589575369692358,0.01607920514347256,-1933028.5424881526
979,0.004294310471878643,0.012231356637951435,0.0005593376543438444,-2168014.761003251
980,0.049331295876248224,0.011124112606436998,0.040743797134268636,-1797364.6830489258
981,0.00843224409024893,0.014180057480278696,0.020913865961418338,-2283850.007377378
982,0.016220283207080254,0.039917540637993056,0.04788467040077116,-2083490.29757718
983,0.04376472418254243,0.007678893347387828,0.038834433817464514,-1767126.5417065278
984,0.007397345665235572,0.04566905532810507,0.025893928783428923,-2229846.306609126
985,0.016819054402835338,0.00785127486670964,0.0005904544089502307,-2023494.4094168362
986,0.012397349583044238,0.0457010031640656,0.03986310961361138,-2194545.5118123833
987,0.04848968538753598,0.005038076056068652,0.029608937175283474,-1901619.699059739
988,0.012857523701538831,0.027147085288620372,0.016022744278172758,-1950701.0219834985
989,0.014173277512167876,0.028692265101229877,0.009165908093477016,-2210428.94887127
990,0.023456671848605844,0.03254061325220174,0.0064091036591402036,-2274599.703056004
991,0.046529713543845205,0.02528623497270624,0.04097639859421712,-1852128.0771676984
992,0.032695271531053165,0.03550004706112728,0.0358065470496419,-2075425.3510808998
993,0.04375499485307363,0.030680271752346208,0.013910857586069482,-1893066.3599027805
994,0.004975482143272859,0.030312530972507076,0.0033176401885290532,-2141903.757413548
995,0.01206467258447651,0.003035359230095586,0.027444379450328356,-2021557.778667955
996,0.008016906247143402,0.030520365971673666,0.03954325654316338,-2057641.011275259
997,0.04109403603859312,0.015477175406881372,0.027447726634724803,-1515557.8455400786
998,0.02815053800431795,0.023644359107708332,0.032755694571238246,-2140676.6063826727
999,0.010504356191176678,0.04896216197933972,0.004903991354546622,-2037953.33380194
